matchid;journee;stade;spectateurs;date;home_team;away_team;home_goal;away_goal;home_possession;away_possession;home_duels_gagnes;away_duel_gagnes;home_duel_aeriens_gagnes;away_duel_aeriens_gagnes;home_interceptions;away_interceptions;home_hors_jeux;away_hors_eux;home_corners_won;away_corners_won;home_passes;away_passes;home_centres;away_centres;home_tirs;away_tirs;home_tirs_cadres;away_tirs_cadres;home_carton_jaune;away_carton_jaune;home_carton_rouge;away_carton_rouge;home_formation;away_formation;date_str;home_win;total_tirs;diff_possession
70850;Journée 10;STADE RAYMOND-KOPA;7970.0;;ANGERS SCO;RC STRASBOURG ALSACE;2;3;54.5;45.5;50,4;49,6;45,5;54,5;10.0;7.0;1.0;3.0;6.0;6.0;524.0;425.0;14.0;26.0;14;15;8;7;1.0;1.0;0.0;0.0;2-2-2-2-2;5-3-2;9 OCTOBRE 2022- 15:00;0;29;9.0
70851;Journée 10;STADE FRANCIS-LE BLÉ;9819.0;;STADE BRESTOIS 29;FC LORIENT;1;2;50.3;49.7;48,2;51,8;31,6;68,4;10.0;15.0;0.0;1.0;7.0;8.0;437.0;445.0;34.0;20.0;11;14;4;5;3.0;1.0;0.0;0.0;2-2-2-2-2;3-2-2-2-1;9 OCTOBRE 2022- 15:00;0;25;0.5999999999999943
70852;Journée 10;STADE GABRIEL-MONTPIED;11119.0;;CLERMONT FOOT 63;AJ AUXERRE;2;1;47.9;52.1;60,2;39,8;58,8;41,2;7.0;12.0;5.0;0.0;4.0;4.0;395.0;431.0;19.0;17.0;10;14;6;5;0.0;0.0;0.0;0.0;3-2-2-2-1;4-1-2-2-1;9 OCTOBRE 2022- 15:00;1;24;-4.200000000000003
70853;Journée 10;DECATHLON ARENA  STADE PIERRE-MAUROY;48527.0;;LOSC LILLE;RC LENS;1;0;45.3;54.7;43,1;56,9;41,7;58,3;13.0;9.0;0.0;2.0;5.0;9.0;366.0;432.0;13.0;20.0;12;10;6;3;3.0;5.0;0.0;0.0;2-2-2-3-1;2-2-2-3-1;9 OCTOBRE 2022- 20:45;1;22;-9.400000000000006
70854;Journée 10;GROUPAMA STADIUM;41495.0;;OLYMPIQUE LYONNAIS;TOULOUSE FC;1;1;58.0;42.0;57;43;64;36;7.0;10.0;2.0;1.0;4.0;5.0;556.0;399.0;13.0;14.0;19;5;8;2;2.0;2.0;0.0;0.0;2-2-2-3-1;2-2-1-2-2-1;7 OCTOBRE 2022- 21:00;0;24;16.0
70855;Journée 10;ORANGE VÉLODROME;63312.0;;OLYMPIQUE DE MARSEILLE;AC AJACCIO;1;2;65.2;34.8;50;50;48,6;51,4;16.0;16.0;2.0;1.0;11.0;2.0;547.0;296.0;26.0;11.0;10;6;2;1;0.0;2.0;0.0;0.0;3-2-2-2-1;2-2-2-2-2;8 OCTOBRE 2022- 17:00;0;16;30.400000000000006
70856;Journée 10;STADE DE LA MOSSON ET DU MONDIAL 98;13048.0;;MONTPELLIER HÉRAULT SC;AS MONACO;0;2;50.7;49.3;53,8;46,2;43,5;56,5;14.0;11.0;1.0;0.0;7.0;2.0;411.0;413.0;24.0;16.0;11;11;1;7;2.0;3.0;0.0;0.0;2-2-2-3-1;2-2-2-2-2;9 OCTOBRE 2022- 13:00;0;22;1.4000000000000057
70857;Journée 10;ALLIANZ RIVIERA;18053.0;;OGC NICE;ESTAC TROYES;3;2;60.9;39.1;56,2;43,8;47,6;52,4;7.0;11.0;0.0;0.0;6.0;5.0;615.0;375.0;15.0;24.0;14;17;6;6;1.0;1.0;0.0;0.0;3-2-2-2-1;2-2-2-3-1;9 OCTOBRE 2022- 15:00;1;31;21.799999999999997
70858;Journée 10;STADE AUGUSTE-DELAUNE;20543.0;;STADE DE REIMS;PARIS SAINT-GERMAIN;0;0;36.5;63.5;44,6;55,4;46,2;53,8;15.0;8.0;3.0;0.0;7.0;3.0;339.0;613.0;16.0;6.0;24;11;4;3;3.0;5.0;0.0;1.0;3-5-2;2-2-2-3-1;8 OCTOBRE 2022- 21:00;0;35;-27.0
70859;Journée 10;ROAZHON PARK;27844.0;;STADE RENNAIS FC;FC NANTES;3;0;57.8;42.2;48;52;47,4;52,6;5.0;5.0;2.0;3.0;4.0;3.0;474.0;338.0;12.0;17.0;14;8;4;3;1.0;0.0;1.0;0.0;2-2-2-2-2;3-2-2-2-1;9 OCTOBRE 2022- 17:05;1;22;15.599999999999994
70860;Journée 11;STADE DE L'ABBÉ-DESCHAMPS;14125.0;;AJ AUXERRE;OGC NICE;1;1;45.1;54.9;41,5;58,5;39,3;60,7;9.0;17.0;2.0;2.0;2.0;6.0;434.0;538.0;19.0;22.0;11;9;3;2;0.0;0.0;0.0;0.0;2-2-2-3-1;5-3-2;16 OCTOBRE 2022- 15:00;0;20;-9.799999999999997
70861;Journée 11;STADE BOLLAERT-DELELIS;37320.0;;RC LENS;MONTPELLIER HÉRAULT SC;1;0;66.0;34.0;47,1;52,9;65,4;34,6;8.0;13.0;1.0;2.0;4.0;5.0;641.0;324.0;23.0;15.0;17;8;5;1;2.0;2.0;0.0;0.0;3-2-2-2-1;3-2-2-2-1;15 OCTOBRE 2022- 21:00;1;25;32.0
70862;Journée 11;STADE YVES-ALLAINMAT;15776.0;;FC LORIENT;STADE DE REIMS;0;0;48.2;51.8;59,4;40,6;50;50;12.0;14.0;1.0;2.0;2.0;2.0;393.0;419.0;20.0;18.0;10;7;3;2;1.0;2.0;0.0;1.0;2-2-2-3-1;5-3-2;15 OCTOBRE 2022- 17:00;0;17;-3.5999999999999943
70863;Journée 11;STADE LOUIS-II;4241.0;;AS MONACO;CLERMONT FOOT 63;1;1;34.5;65.5;55,7;44,3;54,2;45,8;8.0;10.0;1.0;2.0;3.0;4.0;316.0;600.0;8.0;16.0;6;21;4;7;3.0;4.0;1.0;0.0;2-2-2-2-2;1-2-2-3-2;16 OCTOBRE 2022- 17:05;0;27;-31.0
70864;Journée 11;STADE DE LA BEAUJOIRE-LOUIS FONTENEAU;25759.0;;FC NANTES;STADE BRESTOIS 29;4;1;54.2;45.8;51,5;48,5;50;50;11.0;10.0;3.0;0.0;7.0;5.0;427.0;364.0;19.0;19.0;17;11;6;2;0.0;2.0;0.0;0.0;2-2-2-3-1;3-2-2-2-1;16 OCTOBRE 2022- 15:00;1;28;8.400000000000006
70865;Journée 11;PARC DES PRINCES;47926.0;;PARIS SAINT-GERMAIN;OLYMPIQUE DE MARSEILLE;1;0;49.7;50.3;55;45;71,4;28,6;5.0;8.0;1.0;0.0;7.0;6.0;517.0;520.0;6.0;14.0;23;18;8;7;1.0;1.0;0.0;1.0;2-2-3-1-2;2-2-2-3-1;16 OCTOBRE 2022- 20:45;1;41;-0.5999999999999943
70866;Journée 11;ROAZHON PARK;28152.0;;STADE RENNAIS FC;OLYMPIQUE LYONNAIS;3;2;40.2;59.8;46,5;53,5;33,3;66,7;14.0;19.0;1.0;3.0;3.0;2.0;392.0;585.0;10.0;14.0;14;7;5;5;2.0;2.0;0.0;0.0;2-2-2-2-2;1-2-2-3-2;16 OCTOBRE 2022- 15:00;1;21;-19.599999999999994
70867;Journée 11;STADE DE LA MEINAU;25313.0;;RC STRASBOURG ALSACE;LOSC LILLE;0;3;42.7;57.3;59,6;40,4;54,2;45,8;19.0;12.0;1.0;3.0;3.0;0.0;416.0;582.0;22.0;4.0;12;10;1;7;3.0;1.0;0.0;0.0;3-5-2;3-2-2-2-1;14 OCTOBRE 2022- 21:00;0;22;-14.599999999999994
70868;Journée 11;STADIUM;21141.0;;TOULOUSE FC;ANGERS SCO;3;2;55.2;44.8;51,5;48,5;57,9;42,1;7.0;10.0;2.0;0.0;2.0;9.0;464.0;367.0;16.0;16.0;14;13;7;6;3.0;2.0;0.0;0.0;2-2-1-2-2-1;3-2-3-2;16 OCTOBRE 2022- 13:00;1;27;10.400000000000006
70869;Journée 11;STADE DE L'AUBE;7731.0;;ESTAC TROYES;AC AJACCIO;1;1;50.2;49.8;44,9;55,1;56,5;43,5;7.0;14.0;6.0;3.0;3.0;5.0;400.0;394.0;16.0;22.0;9;15;2;7;2.0;1.0;0.0;0.0;3-2-2-2-1;2-2-2-2-2;16 OCTOBRE 2022- 15:00;0;24;0.4000000000000057
70870;Journée 12;STADE FRANÇOIS-COTY;9469.0;;AC AJACCIO;PARIS SAINT-GERMAIN;0;3;35.0;65.0;57,1;42,9;50;50;5.0;2.0;0.0;7.0;3.0;8.0;344.0;670.0;22.0;11.0;8;11;1;6;0.0;1.0;0.0;0.0;2-2-2-2-2;1-3-2-2-2;21 OCTOBRE 2022- 21:00;0;19;-30.0
70871;Journée 12;STADE RAYMOND-KOPA;11240.0;;ANGERS SCO;STADE RENNAIS FC;1;2;30.1;69.9;52,4;47,6;47,8;52,2;14.0;6.0;0.0;2.0;5.0;6.0;276.0;670.0;16.0;16.0;7;14;2;5;3.0;1.0;0.0;0.0;3-2-3-2;2-2-2-2-2;23 OCTOBRE 2022- 13:00;0;21;-39.800000000000004
70872;Journée 12;STADE GABRIEL-MONTPIED;10275.0;;CLERMONT FOOT 63;STADE BRESTOIS 29;1;3;62.4;37.6;51,2;48,8;57,1;42,9;11.0;21.0;1.0;0.0;7.0;4.0;583.0;352.0;29.0;14.0;14;19;4;11;4.0;1.0;0.0;0.0;3-2-2-2-1;2-2-1-2-2-1;23 OCTOBRE 2022- 15:00;0;33;24.799999999999997
70873;Journée 12;DECATHLON ARENA  STADE PIERRE-MAUROY;35362.0;;LOSC LILLE;AS MONACO;4;3;59.5;40.5;50;50;36;64;4.0;9.0;3.0;5.0;6.0;6.0;498.0;332.0;8.0;14.0;20;9;7;6;1.0;2.0;0.0;0.0;2-2-2-3-1;2-2-2-2-2;23 OCTOBRE 2022- 20:45;1;29;19.0
70874;Journée 12;ORANGE VÉLODROME;59066.0;;OLYMPIQUE DE MARSEILLE;RC LENS;0;1;56.3;43.7;48,9;51,1;50;50;13.0;13.0;2.0;2.0;7.0;3.0;497.0;391.0;20.0;11.0;13;12;3;4;3.0;3.0;0.0;0.0;3-2-2-2-1;5-3-2;22 OCTOBRE 2022- 21:00;0;25;12.599999999999994
70875;Journée 12;STADE DE LA MOSSON ET DU MONDIAL 98;15339.0;;MONTPELLIER HÉRAULT SC;OLYMPIQUE LYONNAIS;1;2;37.4;62.6;49,5;50,5;37,9;62,1;7.0;8.0;2.0;3.0;4.0;7.0;321.0;532.0;10.0;23.0;10;21;4;10;2.0;2.0;1.0;1.0;2-2-2-3-1;1-2-2-3-2;22 OCTOBRE 2022- 17:00;0;31;-25.200000000000003
70876;Journée 12;ALLIANZ RIVIERA;20166.0;;OGC NICE;FC NANTES;1;1;66.1;33.9;45,1;54,9;47,8;52,2;4.0;14.0;2.0;1.0;7.0;3.0;604.0;300.0;23.0;18.0;11;11;5;4;3.0;2.0;0.0;2.0;3-2-2-2-1;3-2-2-2-1;23 OCTOBRE 2022- 17:05;0;22;32.199999999999996
70877;Journée 12;STADE AUGUSTE-DELAUNE;11411.0;;STADE DE REIMS;AJ AUXERRE;2;1;54.3;45.7;46,6;53,4;43,5;56,5;14.0;25.0;4.0;5.0;8.0;2.0;409.0;352.0;28.0;16.0;19;10;10;2;4.0;0.0;0.0;0.0;2-2-2-3-1;3-2-2-2-1;23 OCTOBRE 2022- 15:00;1;29;8.599999999999994
70878;Journée 12;STADIUM;21623.0;;TOULOUSE FC;RC STRASBOURG ALSACE;2;2;48.1;51.9;56;44;72,4;27,6;6.0;7.0;4.0;0.0;6.0;6.0;418.0;450.0;16.0;20.0;17;11;6;5;0.0;1.0;1.0;0.0;2-2-2-3-1;5-3-2;23 OCTOBRE 2022- 15:00;0;28;-3.799999999999997
70879;Journée 12;STADE DE L'AUBE;7975.0;;ESTAC TROYES;FC LORIENT;2;2;42.6;57.4;48,8;51,2;44,4;55,6;11.0;12.0;2.0;2.0;3.0;6.0;390.0;538.0;20.0;17.0;13;20;4;5;2.0;0.0;0.0;0.0;3-2-2-2-1;3-2-2-2-1;23 OCTOBRE 2022- 15:00;0;33;-14.799999999999997
70880;Journée 13;STADE DE L'ABBÉ-DESCHAMPS;15092.0;;AJ AUXERRE;AC AJACCIO;1;0;41.4;58.6;52,4;47,6;46,2;53,8;13.0;10.0;0.0;3.0;5.0;5.0;344.0;482.0;11.0;22.0;18;5;5;1;1.0;1.0;1.0;1.0;2-2-2-2-2;2-2-2-2-2;30 OCTOBRE 2022- 13:00;1;23;-17.200000000000003
70881;Journée 13;STADE FRANCIS-LE BLÉ;11008.0;;STADE BRESTOIS 29;STADE DE REIMS;0;0;51.0;49.0;51,3;48,7;58,6;41,4;13.0;10.0;5.0;2.0;5.0;5.0;415.0;392.0;16.0;18.0;12;11;4;3;1.0;1.0;0.0;0.0;2-2-2-3-1;3-2-2-2-1;30 OCTOBRE 2022- 15:00;0;23;2.0
70882;Journée 13;STADE BOLLAERT-DELELIS;37488.0;;RC LENS;TOULOUSE FC;3;0;53.0;47.0;53,5;46,5;63,2;36,8;8.0;10.0;0.0;0.0;6.0;8.0;430.0;378.0;16.0;20.0;13;9;8;0;2.0;1.0;0.0;0.0;3-2-2-2-1;2-2-1-2-2-1;28 OCTOBRE 2022- 21:00;1;22;6.0
70883;Journée 13;STADE YVES-ALLAINMAT;16034.0;;FC LORIENT;OGC NICE;1;2;43.5;56.5;43,7;56,3;66,7;33,3;5.0;15.0;2.0;1.0;8.0;3.0;477.0;620.0;13.0;15.0;14;16;8;5;0.0;1.0;0.0;0.0;2-2-1-4-1;2-2-2-2-2;30 OCTOBRE 2022- 17:05;0;30;-13.0
70884;Journée 13;GROUPAMA STADIUM;55790.0;;OLYMPIQUE LYONNAIS;LOSC LILLE;1;0;44.9;55.1;51,7;48,3;38,5;61,5;20.0;7.0;2.0;1.0;3.0;6.0;440.0;537.0;11.0;15.0;6;15;3;5;3.0;1.0;0.0;0.0;3-5-2;3-2-2-2-1;30 OCTOBRE 2022- 20:45;1;21;-10.200000000000003
70885;Journée 13;STADE LOUIS-II;7069.0;;AS MONACO;ANGERS SCO;2;0;52.2;47.8;48,4;51,6;41,7;58,3;11.0;5.0;1.0;2.0;7.0;0.0;487.0;462.0;27.0;6.0;8;7;5;4;3.0;3.0;0.0;0.0;3-2-2-1-2;3-2-3-2;30 OCTOBRE 2022- 15:00;1;15;4.400000000000006
70886;Journée 13;STADE DE LA BEAUJOIRE-LOUIS FONTENEAU;30894.0;;FC NANTES;CLERMONT FOOT 63;1;1;55.0;45.0;44,6;55,4;39,5;60,5;8.0;15.0;0.0;1.0;2.0;2.0;518.0;439.0;31.0;13.0;13;10;4;6;0.0;2.0;0.0;0.0;2-2-2-3-1;2-2-2-3-1;30 OCTOBRE 2022- 15:00;0;23;10.0
70887;Journée 13;PARC DES PRINCES;46359.0;;PARIS SAINT-GERMAIN;ESTAC TROYES;4;3;67.1;32.9;54,8;45,2;63,6;36,4;9.0;12.0;2.0;1.0;8.0;4.0;689.0;324.0;10.0;12.0;19;16;11;5;0.0;3.0;0.0;0.0;2-2-1-2-2-1;2-2-2-3-1;29 OCTOBRE 2022- 17:00;1;35;34.199999999999996
70888;Journée 13;ROAZHON PARK;26617.0;;STADE RENNAIS FC;MONTPELLIER HÉRAULT SC;3;0;55.7;44.3;45,7;54,3;47,8;52,2;12.0;11.0;0.0;5.0;3.0;4.0;524.0;409.0;17.0;19.0;14;8;3;3;1.0;2.0;0.0;0.0;2-2-2-2-2;3-2-3-2;30 OCTOBRE 2022- 15:00;1;22;11.400000000000006
70889;Journée 13;STADE DE LA MEINAU;25697.0;;RC STRASBOURG ALSACE;OLYMPIQUE DE MARSEILLE;2;2;50.2;49.8;45,2;54,8;56;44;13.0;14.0;0.0;0.0;3.0;0.0;471.0;476.0;20.0;8.0;12;13;5;5;0.0;2.0;0.0;0.0;3-5-2;2-2-2-3-1;29 OCTOBRE 2022- 21:00;0;25;0.4000000000000057
70890;Journée 14;STADE FRANÇOIS-COTY;7203.0;;AC AJACCIO;RC STRASBOURG ALSACE;4;2;49.1;50.9;47,9;52,1;41,7;58,3;9.0;11.0;1.0;0.0;4.0;3.0;372.0;380.0;17.0;20.0;12;9;7;5;0.0;4.0;1.0;0.0;2-2-2-2-2;2-2-2-3-1;5 NOVEMBRE 2022- 17:00;1;21;-1.7999999999999972
70891;Journée 14;STADE RAYMOND-KOPA;11595.0;;ANGERS SCO;RC LENS;1;2;43.8;56.2;51,9;48,1;56,3;43,8;2.0;7.0;0.0;2.0;3.0;4.0;444.0;561.0;7.0;19.0;6;12;3;4;1.0;2.0;0.0;0.0;3-2-3-2;2-2-2-3-1;5 NOVEMBRE 2022- 21:00;0;18;-12.400000000000006
70892;Journée 14;STADE GABRIEL-MONTPIED;10990.0;;CLERMONT FOOT 63;MONTPELLIER HÉRAULT SC;1;1;53.6;46.4;58,3;41,7;65,8;34,2;10.0;15.0;1.0;1.0;5.0;1.0;399.0;354.0;27.0;12.0;16;7;7;3;1.0;2.0;0.0;0.0;3-2-2-1-2;3-2-3-2;6 NOVEMBRE 2022- 15:00;0;23;7.200000000000003
70893;Journée 14;DECATHLON ARENA  STADE PIERRE-MAUROY;35539.0;;LOSC LILLE;STADE RENNAIS FC;1;1;62.0;38.0;56,6;43,4;55,9;44,1;7.0;5.0;1.0;0.0;6.0;2.0;579.0;358.0;15.0;6.0;19;3;7;2;4.0;1.0;0.0;1.0;2-2-2-3-1;2-2-1-2-2-1;6 NOVEMBRE 2022- 17:05;0;22;24.0
70894;Journée 14;STADE YVES-ALLAINMAT;16778.0;;FC LORIENT;PARIS SAINT-GERMAIN;1;2;41.0;59.0;51,1;48,9;41,2;58,8;7.0;10.0;0.0;0.0;5.0;8.0;404.0;585.0;16.0;24.0;9;15;2;7;1.0;1.0;0.0;0.0;2-2-1-4-1;1-2-2-3-2;6 NOVEMBRE 2022- 13:00;0;24;-18.0
70895;Journée 14;ORANGE VÉLODROME;62975.0;;OLYMPIQUE DE MARSEILLE;OLYMPIQUE LYONNAIS;1;0;46.3;53.7;50;50;46,2;53,8;12.0;10.0;2.0;0.0;6.0;4.0;434.0;519.0;20.0;18.0;6;11;2;4;0.0;1.0;0.0;0.0;3-2-2-2-1;1-2-1-2-2-2;6 NOVEMBRE 2022- 20:45;1;17;-7.400000000000006
70896;Journée 14;ALLIANZ RIVIERA;19035.0;;OGC NICE;STADE BRESTOIS 29;1;0;56.1;43.9;57,1;42,9;47,6;52,4;11.0;14.0;5.0;2.0;2.0;6.0;577.0;436.0;14.0;20.0;14;12;9;2;1.0;1.0;0.0;0.0;2-2-2-2-2;2-2-1-2-2-1;6 NOVEMBRE 2022- 15:00;1;26;12.200000000000003
70897;Journée 14;STADE AUGUSTE-DELAUNE;11477.0;;STADE DE REIMS;FC NANTES;1;0;57.0;43.0;55,7;44,3;54,8;45,2;14.0;20.0;1.0;0.0;10.0;4.0;481.0;367.0;27.0;15.0;22;15;9;5;2.0;2.0;0.0;1.0;2-2-2-3-1;4-1-2-2-1;6 NOVEMBRE 2022- 15:00;1;37;14.0
70898;Journée 14;STADIUM;23005.0;;TOULOUSE FC;AS MONACO;0;2;48.6;51.4;44,2;55,8;53,1;46,9;16.0;21.0;2.0;2.0;7.0;6.0;397.0;422.0;17.0;20.0;13;24;5;10;0.0;1.0;0.0;0.0;2-2-1-2-2-1;3-2-2-2-1;6 NOVEMBRE 2022- 15:00;0;37;-2.799999999999997
70899;Journée 14;STADE DE L'AUBE;12689.0;;ESTAC TROYES;AJ AUXERRE;1;1;50.1;49.9;54,3;45,7;60,9;39,1;7.0;11.0;0.0;2.0;10.0;5.0;484.0;481.0;27.0;25.0;21;13;6;2;2.0;0.0;0.0;0.0;3-2-2-1-2;2-2-2-2-2;4 NOVEMBRE 2022- 21:00;0;34;0.20000000000000284
70900;Journée 15;STADE FRANCIS-LE BLÉ;10462.0;;STADE BRESTOIS 29;ESTAC TROYES;2;1;53.8;46.2;51,1;48,9;52,4;47,6;11.0;10.0;2.0;2.0;5.0;5.0;429.0;372.0;21.0;15.0;15;8;5;2;3.0;2.0;0.0;1.0;2-2-1-2-2-1;2-2-2-3-1;13 NOVEMBRE 2022- 15:00;1;23;7.599999999999994
70901;Journée 15;STADE BOLLAERT-DELELIS;37519.0;;RC LENS;CLERMONT FOOT 63;2;1;61.4;38.6;52,4;47,6;61,5;38,5;11.0;10.0;2.0;3.0;5.0;3.0;508.0;330.0;34.0;9.0;16;5;3;2;1.0;3.0;0.0;0.0;3-2-2-2-1;1-2-2-3-2;12 NOVEMBRE 2022- 17:00;1;21;22.799999999999997
70902;Journée 15;DECATHLON ARENA  STADE PIERRE-MAUROY;36360.0;;LOSC LILLE;ANGERS SCO;1;0;58.4;41.6;43,9;56,1;29,6;70,4;3.0;13.0;2.0;1.0;2.0;6.0;568.0;391.0;8.0;17.0;9;8;4;2;3.0;1.0;1.0;0.0;2-2-2-3-1;3-2-3-2;13 NOVEMBRE 2022- 15:00;1;17;16.799999999999997
70903;Journée 15;GROUPAMA STADIUM;57688.0;;OLYMPIQUE LYONNAIS;OGC NICE;1;1;63.0;37.0;52,6;47,4;65;35;9.0;15.0;0.0;3.0;3.0;4.0;647.0;384.0;21.0;10.0;9;13;3;3;1.0;0.0;0.0;0.0;2-2-1-2-2-1;2-2-2-2-2;11 NOVEMBRE 2022- 21:00;0;22;26.0
70904;Journée 15;STADE LOUIS-II;10631.0;;AS MONACO;OLYMPIQUE DE MARSEILLE;2;3;41.5;58.5;52,6;47,4;65,2;34,8;11.0;10.0;0.0;1.0;5.0;4.0;388.0;563.0;21.0;13.0;11;11;6;3;3.0;1.0;0.0;0.0;2-2-2-3-1;2-2-2-3-1;13 NOVEMBRE 2022- 20:45;0;22;-17.0
70905;Journée 15;STADE DE LA MOSSON ET DU MONDIAL 98;11778.0;;MONTPELLIER HÉRAULT SC;STADE DE REIMS;1;1;49.2;50.8;50;50;47,4;52,6;14.0;22.0;1.0;2.0;11.0;7.0;345.0;378.0;38.0;19.0;16;17;8;4;2.0;2.0;0.0;0.0;3-2-3-2;3-2-2-2-1;13 NOVEMBRE 2022- 15:00;0;33;-1.5999999999999943
70906;Journée 15;STADE DE LA BEAUJOIRE-LOUIS FONTENEAU;29407.0;;FC NANTES;AC AJACCIO;2;2;53.0;47.0;54,9;45,1;60;40;4.0;6.0;1.0;2.0;9.0;6.0;385.0;337.0;22.0;23.0;15;13;5;4;3.0;4.0;0.0;0.0;2-2-2-3-1;2-2-2-2-2;13 NOVEMBRE 2022- 15:00;0;28;6.0
70907;Journée 15;PARC DES PRINCES;47926.0;;PARIS SAINT-GERMAIN;AJ AUXERRE;5;0;58.8;41.2;42,9;57,1;56,3;43,8;5.0;11.0;3.0;0.0;3.0;7.0;650.0;446.0;9.0;13.0;9;10;6;3;0.0;0.0;0.0;0.0;2-2-3-1-2;2-2-2-3-1;13 NOVEMBRE 2022- 13:00;1;19;17.599999999999994
70908;Journée 15;ROAZHON PARK;26835.0;;STADE RENNAIS FC;TOULOUSE FC;2;1;46.5;53.5;48,2;51,8;57,1;42,9;14.0;6.0;2.0;4.0;4.0;4.0;429.0;486.0;12.0;19.0;16;10;8;4;0.0;0.0;0.0;0.0;2-2-2-2-2;2-2-1-2-2-1;12 NOVEMBRE 2022- 21:00;1;26;-7.0
70909;Journée 15;STADE DE LA MEINAU;25117.0;;RC STRASBOURG ALSACE;FC LORIENT;1;1;61.1;38.9;55,6;44,4;63,9;36,1;10.0;7.0;2.0;1.0;4.0;2.0;609.0;405.0;40.0;5.0;20;6;4;2;4.0;1.0;0.0;0.0;2-2-2-2-2;4-1-2-2-1;13 NOVEMBRE 2022- 17:05;0;26;22.200000000000003
70910;Journée 16;STADE FRANÇOIS-COTY;7088.0;;AC AJACCIO;ANGERS SCO;1;0;45.7;54.3;36,2;63,8;29,4;70,6;6.0;6.0;2.0;2.0;3.0;5.0;371.0;431.0;13.0;23.0;11;14;3;4;1.0;0.0;0.0;0.0;2-2-2-2-2;3-2-2-2-1;28 DÉCEMBRE 2022- 15:00;1;25;-8.599999999999994
70911;Journée 16;STADE DE L'ABBÉ-DESCHAMPS;16503.0;;AJ AUXERRE;AS MONACO;2;3;37.9;62.1;58,8;41,2;54,5;45,5;14.0;5.0;3.0;2.0;1.0;4.0;342.0;561.0;12.0;17.0;11;6;6;3;1.0;0.0;0.0;0.0;2-2-2-2-1-1;2-2-2-2-2;28 DÉCEMBRE 2022- 17:00;0;17;-24.200000000000003
70912;Journée 16;STADE FRANCIS-LE BLÉ;14601.0;;STADE BRESTOIS 29;OLYMPIQUE LYONNAIS;2;4;42.9;57.1;57,6;42,4;71,4;28,6;9.0;15.0;1.0;0.0;6.0;6.0;343.0;475.0;27.0;16.0;17;17;5;9;2.0;2.0;0.0;0.0;2-2-1-2-2-1;3-2-2-2-1;28 DÉCEMBRE 2022- 21:00;0;34;-14.200000000000003
70913;Journée 16;STADE GABRIEL-MONTPIED;12381.0;;CLERMONT FOOT 63;LOSC LILLE;0;2;42.7;57.3;51,4;48,6;64;36;15.0;10.0;3.0;3.0;3.0;3.0;372.0;519.0;14.0;6.0;9;14;3;3;2.0;2.0;1.0;0.0;3-2-2-2-1;2-2-2-3-1;28 DÉCEMBRE 2022- 19:00;0;23;-14.599999999999994
70914;Journée 16;STADE YVES-ALLAINMAT;15963.0;;FC LORIENT;MONTPELLIER HÉRAULT SC;0;2;47.7;52.3;51,3;48,7;53,3;46,7;15.0;4.0;0.0;2.0;5.0;2.0;443.0;498.0;21.0;13.0;12;14;4;6;3.0;4.0;0.0;0.0;2-2-2-3-1;3-2-2-2-1;29 DÉCEMBRE 2022- 17:00;0;26;-4.599999999999994
70915;Journée 16;ORANGE VÉLODROME;61371.0;;OLYMPIQUE DE MARSEILLE;TOULOUSE FC;6;1;50.8;49.2;50,5;49,5;65,2;34,8;11.0;18.0;0.0;0.0;1.0;6.0;458.0;438.0;10.0;19.0;13;10;7;6;1.0;2.0;0.0;0.0;3-2-2-2-1;2-2-1-2-2-1;29 DÉCEMBRE 2022- 21:00;1;23;1.5999999999999943
70916;Journée 16;ALLIANZ RIVIERA;24205.0;;OGC NICE;RC LENS;0;0;41.0;59.0;49,5;50,5;41,2;58,8;7.0;4.0;2.0;3.0;4.0;6.0;400.0;577.0;9.0;16.0;9;10;5;2;2.0;3.0;0.0;0.0;3-2-2-2-1;2-2-2-3-1;29 DÉCEMBRE 2022- 21:00;0;19;-18.0
70917;Journée 16;PARC DES PRINCES;47926.0;;PARIS SAINT-GERMAIN;RC STRASBOURG ALSACE;2;1;70.9;29.1;41;59;23,1;76,9;3.0;17.0;3.0;0.0;8.0;3.0;765.0;309.0;16.0;11.0;10;12;6;3;2.0;1.0;1.0;0.0;2-2-3-1-2;1-2-1-2-2-2;28 DÉCEMBRE 2022- 21:00;1;22;41.800000000000004
70918;Journée 16;STADE AUGUSTE-DELAUNE;13262.0;;STADE DE REIMS;STADE RENNAIS FC;3;1;33.1;66.9;47,9;52,1;46,7;53,3;10.0;10.0;5.0;3.0;4.0;6.0;287.0;598.0;13.0;20.0;10;11;4;5;2.0;2.0;0.0;0.0;2-2-2-3-1;2-2-1-2-2-1;29 DÉCEMBRE 2022- 19:00;1;21;-33.800000000000004
70919;Journée 16;STADE DE L'AUBE;9043.0;;ESTAC TROYES;FC NANTES;0;0;55.5;44.5;48,4;51,6;34,6;65,4;7.0;15.0;0.0;0.0;4.0;5.0;575.0;447.0;15.0;30.0;6;19;2;5;0.0;2.0;0.0;0.0;2-2-2-3-1;4-1-2-2-1;28 DÉCEMBRE 2022- 15:00;0;25;11.0
70920;Journée 17;STADE RAYMOND-KOPA;7789.0;;ANGERS SCO;FC LORIENT;1;2;41.6;58.4;44,7;55,3;48,1;51,9;6.0;9.0;3.0;0.0;7.0;7.0;339.0;491.0;19.0;15.0;15;10;6;5;3.0;0.0;0.0;0.0;2-2-2-3-1;3-2-2-2-1;1 JANVIER 2023- 15:00;0;25;-16.799999999999997
70921;Journée 17;STADE BOLLAERT-DELELIS;38047.0;;RC LENS;PARIS SAINT-GERMAIN;3;1;40.5;59.5;53,3;46,7;61,5;38,5;11.0;6.0;3.0;0.0;3.0;7.0;400.0;577.0;6.0;19.0;10;16;4;6;2.0;3.0;0.0;0.0;3-2-2-2-1;1-3-2-2-2;1 JANVIER 2023- 20:45;1;26;-19.0
70922;Journée 17;DECATHLON ARENA  STADE PIERRE-MAUROY;31086.0;;LOSC LILLE;STADE DE REIMS;1;1;61.9;38.1;58,2;41,8;57,1;42,9;7.0;9.0;1.0;3.0;5.0;1.0;602.0;368.0;13.0;8.0;14;9;5;6;1.0;1.0;0.0;0.0;3-2-2-2-1;3-2-2-2-1;2 JANVIER 2023- 17:00;0;23;23.799999999999997
70923;Journée 17;GROUPAMA STADIUM;40392.0;;OLYMPIQUE LYONNAIS;CLERMONT FOOT 63;0;1;60.4;39.6;51,4;48,6;66,7;33,3;11.0;14.0;0.0;2.0;7.0;4.0;543.0;358.0;13.0;7.0;13;13;2;3;1.0;3.0;0.0;0.0;2-2-2-3-1;2-2-2-3-1;1 JANVIER 2023- 17:00;0;26;20.799999999999997
70924;Journée 17;STADE LOUIS-II;9364.0;;AS MONACO;STADE BRESTOIS 29;1;0;51.3;48.7;51,8;48,2;56,1;43,9;9.0;16.0;1.0;2.0;7.0;5.0;434.0;411.0;17.0;18.0;17;13;5;6;3.0;4.0;0.0;0.0;2-2-2-2-2;2-2-1-2-2-1;1 JANVIER 2023- 15:00;1;30;2.5999999999999943
70925;Journée 17;STADE DE LA MOSSON ET DU MONDIAL 98;18971.0;;MONTPELLIER HÉRAULT SC;OLYMPIQUE DE MARSEILLE;1;2;40.0;60.0;54,7;45,3;57,1;42,9;6.0;12.0;3.0;2.0;5.0;7.0;317.0;483.0;18.0;24.0;8;17;1;8;2.0;2.0;0.0;1.0;2-2-2-3-1;2-2-2-3-1;2 JANVIER 2023- 19:00;0;25;-20.0
70926;Journée 17;STADE DE LA BEAUJOIRE-LOUIS FONTENEAU;23266.0;;FC NANTES;AJ AUXERRE;1;0;50.6;49.4;57,3;42,7;48,2;51,8;8.0;15.0;1.0;0.0;3.0;7.0;412.0;398.0;14.0;21.0;10;14;3;6;1.0;2.0;0.0;0.0;2-2-2-2-2;1-2-2-2-2-1;1 JANVIER 2023- 15:00;1;24;1.2000000000000028
70927;Journée 17;ROAZHON PARK;27427.0;;STADE RENNAIS FC;OGC NICE;2;1;62.3;37.7;41,7;58,3;43,5;56,5;13.0;10.0;1.0;1.0;5.0;2.0;633.0;390.0;21.0;6.0;20;6;5;3;1.0;1.0;0.0;0.0;2-2-2-2-2;2-2-2-3-1;2 JANVIER 2023- 21:00;1;26;24.599999999999994
70928;Journée 17;STADE DE LA MEINAU;25135.0;;RC STRASBOURG ALSACE;ESTAC TROYES;2;3;;;;;;;;;;;;;;;;;0;0;0;0;;;;;2-2-3-1-2;3-2-2-2-1;2 JANVIER 2023- 15:00;0;0;
70929;Journée 17;STADIUM;25957.0;;TOULOUSE FC;AC AJACCIO;2;0;62.7;37.3;53,6;46,4;57,1;42,9;11.0;18.0;3.0;1.0;5.0;2.0;569.0;339.0;19.0;11.0;11;1;4;0;3.0;1.0;0.0;0.0;2-2-1-2-2-1;2-2-2-2-2;1 JANVIER 2023- 15:00;1;12;25.400000000000006
70930;Journée 18;STADE FRANÇOIS-COTY;6648.0;;AC AJACCIO;STADE DE REIMS;0;1;47.6;52.4;51,5;48,5;54,5;45,5;12.0;10.0;3.0;2.0;2.0;2.0;365.0;425.0;32.0;11.0;11;9;1;3;3.0;3.0;0.0;0.0;2-2-2-2-2;3-2-2-2-1;11 JANVIER 2023- 19:00;0;20;-4.799999999999997
70931;Journée 18;STADE DE L'ABBÉ-DESCHAMPS;12405.0;;AJ AUXERRE;TOULOUSE FC;0;5;47.4;52.6;46,5;53,5;45,7;54,3;6.0;10.0;0.0;1.0;7.0;4.0;323.0;374.0;29.0;13.0;18;9;4;7;3.0;1.0;0.0;0.0;2-2-2-2-2;2-2-1-2-2-1;11 JANVIER 2023- 19:00;0;27;-5.200000000000003
70932;Journée 18;STADE FRANCIS-LE BLÉ;11542.0;;STADE BRESTOIS 29;LOSC LILLE;0;0;28.0;72.0;44,7;55,3;34,5;65,5;16.0;10.0;0.0;2.0;0.0;8.0;264.0;688.0;11.0;23.0;5;11;0;4;0.0;1.0;0.0;0.0;2-2-1-2-2-1;3-2-2-2-1;11 JANVIER 2023- 19:00;0;16;-44.0
70933;Journée 18;STADE GABRIEL-MONTPIED;10648.0;;CLERMONT FOOT 63;STADE RENNAIS FC;2;1;38.2;61.8;50;50;46,7;53,3;15.0;11.0;2.0;0.0;4.0;1.0;355.0;583.0;10.0;9.0;11;9;5;2;0.0;0.0;0.0;2.0;3-2-2-2-1;2-2-2-2-2;11 JANVIER 2023- 19:00;1;20;-23.599999999999994
70934;Journée 18;STADE YVES-ALLAINMAT;14521.0;;FC LORIENT;AS MONACO;2;2;42.2;57.8;55;45;37,5;62,5;12.0;10.0;1.0;2.0;3.0;4.0;369.0;501.0;13.0;25.0;8;16;6;4;1.0;1.0;0.0;0.0;2-2-2-3-1;2-2-2-2-2;11 JANVIER 2023- 21:00;0;24;-15.599999999999994
70935;Journée 18;STADE DE LA BEAUJOIRE-LOUIS FONTENEAU;27657.0;;FC NANTES;OLYMPIQUE LYONNAIS;0;0;39.2;60.8;49,5;50,5;50;50;13.0;11.0;2.0;2.0;6.0;1.0;367.0;586.0;22.0;13.0;13;10;5;6;2.0;3.0;0.0;0.0;2-2-2-2-2;2-2-1-2-2-1;11 JANVIER 2023- 19:00;0;23;-21.599999999999994
70936;Journée 18;ALLIANZ RIVIERA;17500.0;;OGC NICE;MONTPELLIER HÉRAULT SC;6;1;58.9;41.1;51,6;48,4;41,7;58,3;7.0;10.0;0.0;3.0;3.0;4.0;491.0;338.0;16.0;12.0;16;4;10;2;1.0;1.0;0.0;0.0;2-2-2-3-1;3-2-2-2-1;11 JANVIER 2023- 21:00;1;20;17.799999999999997
70937;Journée 18;PARC DES PRINCES;47647.0;;PARIS SAINT-GERMAIN;ANGERS SCO;2;0;66.2;33.8;54;46;60;40;4.0;8.0;3.0;2.0;5.0;1.0;832.0;419.0;10.0;7.0;9;6;6;0;1.0;2.0;0.0;0.0;3-2-2-2-1;3-2-2-2-1;11 JANVIER 2023- 21:00;1;15;32.400000000000006
70938;Journée 18;STADE DE LA MEINAU;25624.0;;RC STRASBOURG ALSACE;RC LENS;2;2;34.8;65.2;47;53;72,2;27,8;5.0;8.0;0.0;0.0;3.0;4.0;337.0;618.0;11.0;34.0;9;15;6;8;1.0;1.0;0.0;0.0;3-2-3-2;2-2-2-3-1;11 JANVIER 2023- 21:00;0;24;-30.400000000000006
70939;Journée 18;STADE DE L'AUBE;13225.0;;ESTAC TROYES;OLYMPIQUE DE MARSEILLE;0;2;31.5;68.5;48,6;51,4;60;40;8.0;10.0;1.0;4.0;4.0;7.0;300.0;656.0;11.0;27.0;5;13;1;4;2.0;3.0;0.0;0.0;2-2-2-3-1;2-2-2-3-1;11 JANVIER 2023- 21:00;0;18;-37.0
71520;Journée 19;STADE AUGUSTE-DELAUNE;11383.0;;STADE DE REIMS;OGC NICE;0;0;50.6;49.4;48,9;51,1;53,8;46,2;7.0;14.0;1.0;2.0;5.0;3.0;519.0;517.0;19.0;11.0;13;6;2;4;1.0;1.0;0.0;0.0;2-2-2-3-1;2-2-1-2-2-1;15 JANVIER 2023- 15:00;0;19;1.2000000000000028
71522;Journée 19;STADE RAYMOND-KOPA;12086.0;;ANGERS SCO;CLERMONT FOOT 63;1;2;58.8;41.2;49,1;50,9;50;50;14.0;15.0;0.0;1.0;3.0;1.0;614.0;438.0;24.0;11.0;5;10;1;6;2.0;2.0;0.0;0.0;2-2-2-3-1;2-2-2-3-1;15 JANVIER 2023- 15:00;0;15;17.599999999999994
71523;Journée 19;STADE BOLLAERT-DELELIS;38208.0;;RC LENS;AJ AUXERRE;1;0;68.4;31.6;50,5;49,5;60;40;7.0;11.0;0.0;1.0;9.0;2.0;581.0;274.0;37.0;11.0;10;6;2;1;2.0;1.0;0.0;1.0;3-2-2-2-1;2-3-2-2-1;14 JANVIER 2023- 17:00;1;16;36.800000000000004
71524;Journée 19;DECATHLON ARENA  STADE PIERRE-MAUROY;31254.0;;LOSC LILLE;ESTAC TROYES;5;1;66.9;33.1;45,1;54,9;45,5;54,5;8.0;7.0;2.0;1.0;7.0;2.0;665.0;320.0;15.0;12.0;23;10;13;2;1.0;0.0;0.0;0.0;2-2-2-2-2;3-2-2-2-1;15 JANVIER 2023- 13:00;1;33;33.800000000000004
71525;Journée 19;GROUPAMA STADIUM;38473.0;;OLYMPIQUE LYONNAIS;RC STRASBOURG ALSACE;1;2;72.3;27.7;53,8;46,2;47,1;52,9;14.0;19.0;1.0;0.0;14.0;2.0;691.0;274.0;42.0;3.0;28;8;7;6;1.0;3.0;0.0;0.0;3-2-2-1-2;3-2-3-2;14 JANVIER 2023- 21:00;0;36;44.599999999999994
71526;Journée 19;ORANGE VÉLODROME;63276.0;;OLYMPIQUE DE MARSEILLE;FC LORIENT;3;1;68.8;31.2;50;50;60,9;39,1;14.0;7.0;1.0;0.0;6.0;3.0;661.0;304.0;30.0;6.0;15;11;8;3;1.0;0.0;0.0;0.0;3-2-2-2-1;3-2-2-2-1;14 JANVIER 2023- 19:00;1;26;37.599999999999994
71527;Journée 19;STADE LOUIS-II;4196.0;;AS MONACO;AC AJACCIO;7;1;65.9;34.1;54,8;45,2;47,8;52,2;11.0;12.0;1.0;2.0;3.0;3.0;635.0;329.0;19.0;7.0;11;5;8;2;1.0;2.0;0.0;0.0;2-2-2-2-2;2-2-2-3-1;15 JANVIER 2023- 17:05;1;16;31.800000000000004
71528;Journée 19;STADE DE LA MOSSON ET DU MONDIAL 98;10947.0;;MONTPELLIER HÉRAULT SC;FC NANTES;0;3;46.5;53.5;48,6;51,4;46,7;53,3;3.0;11.0;1.0;2.0;3.0;5.0;366.0;418.0;18.0;28.0;11;12;5;7;1.0;2.0;2.0;0.0;2-2-2-3-1;3-2-3-2;15 JANVIER 2023- 15:00;0;23;-7.0
71529;Journée 19;ROAZHON PARK;27566.0;;STADE RENNAIS FC;PARIS SAINT-GERMAIN;1;0;35.4;64.6;58,1;41,9;66,7;33,3;10.0;6.0;2.0;2.0;4.0;5.0;364.0;666.0;10.0;14.0;8;8;6;1;0.0;0.0;0.0;0.0;3-2-2-2-1;2-2-2-3-1;15 JANVIER 2023- 20:45;1;16;-29.199999999999996
71530;Journée 19;STADIUM;20637.0;;TOULOUSE FC;STADE BRESTOIS 29;1;1;63.7;36.3;40,7;59,3;27,5;72,5;15.0;21.0;2.0;0.0;10.0;5.0;544.0;310.0;28.0;18.0;16;17;7;5;2.0;2.0;0.0;0.0;2-2-1-2-2-1;4-1-2-2-1;15 JANVIER 2023- 15:00;0;33;27.400000000000006
70760;Journée 1;STADE RAYMOND-KOPA;15632.0;;ANGERS SCO;FC NANTES;0;0;49.3;50.7;52,1;47,9;44,4;55,6;4.0;8.0;1.0;3.0;3.0;6.0;365.0;375.0;15.0;17.0;16;14;6;4;3.0;3.0;0.0;0.0;2-2-2-3-1;1-2-2-3-2;7 AOÛT 2022- 15:00;0;30;-1.4000000000000057
70761;Journée 1;STADE GABRIEL-MONTPIED;12203.0;;CLERMONT FOOT 63;PARIS SAINT-GERMAIN;0;5;38.5;61.5;52,9;47,1;57,1;42,9;12.0;5.0;0.0;4.0;0.0;6.0;425.0;673.0;3.0;14.0;7;18;1;12;2.0;1.0;0.0;0.0;2-2-2-3-1;2-2-2-3-1;6 AOÛT 2022- 21:00;0;25;-23.0
70762;Journée 1;STADE BOLLAERT-DELELIS;37015.0;;RC LENS;STADE BRESTOIS 29;3;2;61.7;38.3;50;50;47,8;52,2;7.0;8.0;0.0;2.0;6.0;3.0;484.0;297.0;12.0;11.0;16;6;7;4;2.0;4.0;0.0;0.0;3-2-2-2-1;2-2-2-2-2;7 AOÛT 2022- 15:00;1;22;23.400000000000006
70763;Journée 1;DECATHLON ARENA  STADE PIERRE-MAUROY;32292.0;;LOSC LILLE;AJ AUXERRE;4;1;60.2;39.8;44,9;55,1;46,2;53,8;3.0;8.0;2.0;4.0;7.0;2.0;613.0;402.0;14.0;15.0;16;10;6;2;2.0;1.0;0.0;0.0;2-2-2-3-1;3-2-2-2-1;7 AOÛT 2022- 15:00;1;26;20.400000000000006
70764;Journée 1;GROUPAMA STADIUM;48516.0;;OLYMPIQUE LYONNAIS;AC AJACCIO;2;1;67.5;32.5;54,7;45,3;61,9;38,1;11.0;11.0;0.0;0.0;4.0;3.0;635.0;297.0;7.0;11.0;11;8;6;4;1.0;4.0;1.0;1.0;2-2-1-2-2-1;2-2-2-2-2;5 AOÛT 2022- 21:00;1;19;35.0
70765;Journée 1;ORANGE VÉLODROME;62738.0;;OLYMPIQUE DE MARSEILLE;STADE DE REIMS;4;1;55.9;44.1;51,9;48,1;51,1;48,9;16.0;11.0;1.0;1.0;6.0;7.0;482.0;379.0;23.0;18.0;16;16;6;6;1.0;0.0;0.0;0.0;3-2-2-2-1;2-2-1-2-2-1;7 AOÛT 2022- 20:45;1;32;11.799999999999997
70766;Journée 1;STADE DE LA MOSSON ET DU MONDIAL 98;12003.0;;MONTPELLIER HÉRAULT SC;ESTAC TROYES;3;2;53.4;46.6;40,2;59,8;34,8;65,2;7.0;15.0;4.0;0.0;3.0;6.0;398.0;342.0;12.0;22.0;17;16;6;10;1.0;0.0;0.0;0.0;2-2-2-3-1;2-2-2-3-1;7 AOÛT 2022- 15:00;1;33;6.799999999999997
70767;Journée 1;ROAZHON PARK;28177.0;;STADE RENNAIS FC;FC LORIENT;0;1;63.7;36.3;48,1;51,9;68;32;9.0;9.0;0.0;1.0;7.0;2.0;635.0;368.0;25.0;8.0;21;8;6;2;3.0;1.0;0.0;0.0;2-2-1-2-2-1;2-2-1-2-2-1;7 AOÛT 2022- 17:05;0;29;27.400000000000006
70768;Journée 1;STADE DE LA MEINAU;25359.0;;RC STRASBOURG ALSACE;AS MONACO;1;2;53.3;46.7;58,1;41,9;60;40;15.0;10.0;3.0;3.0;3.0;7.0;482.0;411.0;16.0;25.0;11;24;7;11;0.0;2.0;0.0;0.0;3-2-2-1-2;3-2-2-2-1;6 AOÛT 2022- 17:00;0;35;6.599999999999994
70769;Journée 1;STADIUM;20567.0;;TOULOUSE FC;OGC NICE;1;1;45.9;54.1;52,6;47,4;63,6;36,4;16.0;9.0;2.0;2.0;6.0;3.0;456.0;544.0;18.0;14.0;6;11;4;4;1.0;2.0;0.0;0.0;2-2-2-3-1;2-2-1-2-2-1;7 AOÛT 2022- 13:00;0;17;-8.200000000000003
70950;Journée 20;STADE FRANÇOIS-COTY;7688.0;;AC AJACCIO;OLYMPIQUE LYONNAIS;0;2;51.1;48.9;49,6;50,4;45,5;54,5;10.0;14.0;3.0;2.0;5.0;1.0;394.0;386.0;17.0;7.0;16;8;5;2;2.0;3.0;0.0;0.0;2-2-2-2-2;4-1-2-2-1;29 JANVIER 2023- 17:05;0;24;2.200000000000003
70951;Journée 20;STADE DE L'ABBÉ-DESCHAMPS;14206.0;;AJ AUXERRE;MONTPELLIER HÉRAULT SC;0;2;58.2;41.8;53;47;56;44;13.0;13.0;0.0;0.0;5.0;3.0;469.0;346.0;29.0;10.0;16;4;5;3;1.0;3.0;0.0;0.0;2-2-1-2-2-1;3-2-2-2-1;29 JANVIER 2023- 15:00;0;20;16.400000000000006
70952;Journée 20;STADE FRANCIS-LE BLÉ;12629.0;;STADE BRESTOIS 29;ANGERS SCO;4;0;41.0;59.0;56,2;43,8;52,4;47,6;14.0;18.0;3.0;3.0;4.0;5.0;383.0;556.0;15.0;21.0;9;8;7;1;0.0;2.0;0.0;0.0;2-2-1-4-1;2-2-2-2-2;29 JANVIER 2023- 15:00;1;17;-18.0
70953;Journée 20;STADE GABRIEL-MONTPIED;11015.0;;CLERMONT FOOT 63;FC NANTES;0;0;59.1;40.9;53,7;46,3;42,9;57,1;6.0;20.0;0.0;0.0;9.0;1.0;548.0;378.0;24.0;15.0;9;4;0;0;2.0;1.0;0.0;0.0;3-2-2-2-1;2-3-2-2-1;29 JANVIER 2023- 15:00;0;13;18.200000000000003
70954;Journée 20;STADE YVES-ALLAINMAT;16782.0;;FC LORIENT;STADE RENNAIS FC;2;1;33.0;67.0;50,5;49,5;50;50;9.0;8.0;1.0;0.0;2.0;10.0;342.0;668.0;4.0;42.0;4;19;4;6;1.0;1.0;0.0;0.0;2-2-2-3-1;2-2-2-3-1;27 JANVIER 2023- 21:00;1;23;-34.0
70955;Journée 20;ORANGE VÉLODROME;63502.0;;OLYMPIQUE DE MARSEILLE;AS MONACO;1;1;61.0;39.0;55,7;44,3;58,8;41,2;14.0;13.0;1.0;1.0;6.0;3.0;589.0;373.0;21.0;14.0;22;11;6;4;2.0;2.0;0.0;0.0;3-2-2-2-1;2-2-2-2-2;28 JANVIER 2023- 21:00;0;33;22.0
70956;Journée 20;ALLIANZ RIVIERA;22126.0;;OGC NICE;LOSC LILLE;1;0;44.4;55.6;53,9;46,1;60;40;11.0;10.0;0.0;1.0;5.0;7.0;443.0;562.0;16.0;13.0;12;16;6;7;3.0;2.0;0.0;0.0;2-2-1-2-2-1;3-2-2-2-1;29 JANVIER 2023- 13:00;1;28;-11.200000000000003
70957;Journée 20;PARC DES PRINCES;47926.0;;PARIS SAINT-GERMAIN;STADE DE REIMS;1;1;59.4;40.6;45,2;54,8;75;25;8.0;15.0;1.0;4.0;3.0;3.0;713.0;466.0;5.0;24.0;12;17;4;4;2.0;1.0;1.0;0.0;2-2-2-3-1;2-3-2-2-1;29 JANVIER 2023- 20:45;0;29;18.799999999999997
70958;Journée 20;STADE DE LA MEINAU;25196.0;;RC STRASBOURG ALSACE;TOULOUSE FC;1;2;54.3;45.7;41,9;58,1;36,4;63,6;13.0;9.0;1.0;2.0;4.0;2.0;556.0;476.0;17.0;5.0;11;8;2;3;1.0;1.0;1.0;0.0;3-5-2;2-2-1-2-2-1;29 JANVIER 2023- 15:00;0;19;8.599999999999994
70959;Journée 20;STADE DE L'AUBE;13091.0;;ESTAC TROYES;RC LENS;1;1;26.5;73.5;40,8;59,2;34,6;65,4;8.0;5.0;0.0;2.0;3.0;11.0;244.0;650.0;7.0;47.0;6;21;1;4;2.0;1.0;0.0;0.0;3-2-2-2-1;2-2-2-3-1;28 JANVIER 2023- 17:00;0;27;-47.0
70960;Journée 21;STADE RAYMOND-KOPA;7255.0;;ANGERS SCO;AC AJACCIO;1;2;38.9;61.1;48;52;48,7;51,3;11.0;15.0;1.0;2.0;2.0;6.0;296.0;451.0;7.0;29.0;6;9;2;4;1.0;2.0;1.0;0.0;2-2-2-2-2;2-2-2-2-2;1 FÉVRIER 2023- 19:00;0;15;-22.200000000000003
70961;Journée 21;STADE BOLLAERT-DELELIS;37437.0;;RC LENS;OGC NICE;0;1;55.3;44.7;43,5;56,5;35;65;13.0;11.0;3.0;3.0;5.0;3.0;518.0;425.0;19.0;9.0;9;14;4;6;0.0;2.0;0.0;0.0;3-2-2-2-1;2-2-2-3-1;1 FÉVRIER 2023- 21:00;0;23;10.599999999999994
70962;Journée 21;DECATHLON ARENA  STADE PIERRE-MAUROY;32498.0;;LOSC LILLE;CLERMONT FOOT 63;0;0;66.3;33.7;48,4;51,6;45,5;54,5;6.0;11.0;2.0;2.0;8.0;3.0;611.0;314.0;24.0;9.0;22;13;5;5;0.0;1.0;0.0;0.0;2-2-2-3-1;2-2-2-3-1;1 FÉVRIER 2023- 19:00;0;35;32.599999999999994
70963;Journée 21;GROUPAMA STADIUM;30837.0;;OLYMPIQUE LYONNAIS;STADE BRESTOIS 29;0;0;75.3;24.7;51,4;48,6;65,2;34,8;12.0;17.0;0.0;3.0;15.0;2.0;686.0;225.0;36.0;9.0;28;8;8;1;0.0;0.0;0.0;0.0;2-2-3-1-2;4-1-2-2-1;1 FÉVRIER 2023- 21:00;0;36;50.599999999999994
70964;Journée 21;STADE LOUIS-II;3061.0;;AS MONACO;AJ AUXERRE;3;2;43.4;56.6;41,9;58,1;35,7;64,3;8.0;9.0;3.0;1.0;5.0;4.0;422.0;546.0;9.0;13.0;16;11;6;3;0.0;0.0;0.0;0.0;2-2-2-2-2;2-2-1-2-2-1;1 FÉVRIER 2023- 21:00;1;27;-13.200000000000003
70965;Journée 21;STADE DE LA MOSSON ET DU MONDIAL 98;17454.0;;MONTPELLIER HÉRAULT SC;PARIS SAINT-GERMAIN;1;3;33.9;66.1;48,8;51,2;38,5;61,5;16.0;11.0;3.0;4.0;1.0;3.0;356.0;708.0;11.0;13.0;6;19;3;8;1.0;1.0;0.0;0.0;3-5-2;3-1-2-2-2;1 FÉVRIER 2023- 21:00;0;25;-32.199999999999996
70966;Journée 21;STADE DE LA BEAUJOIRE-LOUIS FONTENEAU;34125.0;;FC NANTES;OLYMPIQUE DE MARSEILLE;0;2;40.7;59.3;47,4;52,6;42,3;57,7;9.0;8.0;0.0;3.0;5.0;7.0;321.0;494.0;21.0;17.0;12;13;2;4;4.0;3.0;0.0;0.0;2-2-2-3-1;2-2-2-3-1;1 FÉVRIER 2023- 19:00;0;25;-18.599999999999994
70967;Journée 21;STADE AUGUSTE-DELAUNE;10746.0;;STADE DE REIMS;FC LORIENT;4;2;57.8;42.2;50,5;49,5;66,7;33,3;6.0;6.0;3.0;1.0;5.0;7.0;561.0;404.0;21.0;14.0;31;12;9;5;1.0;0.0;0.0;0.0;2-2-2-3-1;3-2-2-2-1;1 FÉVRIER 2023- 19:00;1;43;15.599999999999994
70968;Journée 21;ROAZHON PARK;26176.0;;STADE RENNAIS FC;RC STRASBOURG ALSACE;3;0;58.9;41.1;55;45;50;50;7.0;10.0;2.0;2.0;4.0;0.0;586.0;398.0;4.0;13.0;6;3;3;0;0.0;1.0;0.0;0.0;2-2-1-2-2-1;2-2-2-3-1;1 FÉVRIER 2023- 21:00;1;9;17.799999999999997
70969;Journée 21;STADIUM;17225.0;;TOULOUSE FC;ESTAC TROYES;4;1;55.6;44.4;46,1;53,9;28,6;71,4;11.0;9.0;2.0;0.0;8.0;0.0;549.0;448.0;19.0;3.0;13;11;6;3;2.0;3.0;0.0;0.0;2-2-1-2-2-1;5-3-2;1 FÉVRIER 2023- 19:00;1;24;11.200000000000003
70970;Journée 22;STADE FRANÇOIS-COTY;6908.0;;AC AJACCIO;FC NANTES;0;2;43.0;57.0;39,3;60,7;36,2;63,8;12.0;15.0;0.0;2.0;2.0;2.0;356.0;468.0;10.0;16.0;8;7;2;3;2.0;1.0;1.0;0.0;2-2-2-2-2;3-2-2-2-1;5 FÉVRIER 2023- 15:00;0;15;-14.0
70971;Journée 22;STADE DE L'ABBÉ-DESCHAMPS;14680.0;;AJ AUXERRE;STADE DE REIMS;0;0;39.1;60.9;45,7;54,3;34,4;65,6;15.0;6.0;3.0;2.0;4.0;5.0;310.0;515.0;31.0;16.0;13;8;3;4;2.0;0.0;0.0;0.0;2-2-2-3-1;3-2-2-2-1;5 FÉVRIER 2023- 15:00;0;21;-21.799999999999997
70972;Journée 22;STADE FRANCIS-LE BLÉ;11639.0;;STADE BRESTOIS 29;RC LENS;1;1;33.9;66.1;46,9;53,1;55;45;13.0;7.0;1.0;2.0;11.0;5.0;275.0;553.0;25.0;43.0;16;20;3;7;4.0;2.0;0.0;0.0;2-2-1-4-1;2-2-2-3-1;5 FÉVRIER 2023- 17:05;0;36;-32.199999999999996
70973;Journée 22;STADE GABRIEL-MONTPIED;11598.0;;CLERMONT FOOT 63;AS MONACO;0;2;54.1;45.9;53,3;46,7;35,3;64,7;10.0;11.0;0.0;2.0;2.0;4.0;523.0;441.0;14.0;13.0;8;14;3;5;1.0;2.0;0.0;0.0;3-2-2-2-1;3-2-2-2-1;5 FÉVRIER 2023- 13:00;0;22;8.200000000000003
70974;Journée 22;STADE YVES-ALLAINMAT;12705.0;;FC LORIENT;ANGERS SCO;0;0;55.9;44.1;51,9;48,1;45,2;54,8;9.0;10.0;0.0;0.0;8.0;6.0;516.0;404.0;22.0;21.0;13;12;2;5;2.0;4.0;0.0;0.0;2-2-2-3-1;2-2-2-2-2;5 FÉVRIER 2023- 15:00;0;25;11.799999999999997
70975;Journée 22;ORANGE VÉLODROME;65234.0;;OLYMPIQUE DE MARSEILLE;OGC NICE;1;3;57.6;42.4;39,6;60,4;51,9;48,1;11.0;15.0;1.0;0.0;9.0;1.0;522.0;406.0;37.0;8.0;22;14;5;8;0.0;1.0;0.0;0.0;3-2-2-2-1;2-2-1-2-2-1;5 FÉVRIER 2023- 20:45;0;36;15.200000000000003
70976;Journée 22;PARC DES PRINCES;47888.0;;PARIS SAINT-GERMAIN;TOULOUSE FC;2;1;61.1;38.9;55,4;44,6;63,6;36,4;5.0;10.0;1.0;4.0;6.0;2.0;637.0;399.0;10.0;13.0;22;12;5;5;2.0;2.0;0.0;0.0;2-2-1-2-1-2;2-2-1-2-2-1;4 FÉVRIER 2023- 17:00;1;34;22.200000000000003
70977;Journée 22;ROAZHON PARK;28082.0;;STADE RENNAIS FC;LOSC LILLE;1;3;38.5;61.5;50,9;49,1;50;50;12.0;7.0;1.0;4.0;2.0;1.0;357.0;584.0;8.0;10.0;10;15;6;6;1.0;2.0;0.0;0.0;2-2-2-2-2;3-2-2-2-1;4 FÉVRIER 2023- 21:00;0;25;-23.0
70978;Journée 22;STADE DE LA MEINAU;25028.0;;RC STRASBOURG ALSACE;MONTPELLIER HÉRAULT SC;2;0;31.9;68.1;57,6;42,4;57,5;42,5;12.0;8.0;0.0;5.0;4.0;7.0;275.0;566.0;7.0;33.0;6;11;2;0;3.0;1.0;1.0;0.0;3-2-2-2-1;2-2-1-2-2-1;5 FÉVRIER 2023- 15:00;1;17;-36.199999999999996
70979;Journée 22;STADE DE L'AUBE;10240.0;;ESTAC TROYES;OLYMPIQUE LYONNAIS;1;3;41.5;58.5;51,7;48,3;58,8;41,2;17.0;12.0;3.0;2.0;5.0;6.0;423.0;597.0;9.0;12.0;8;10;2;6;0.0;1.0;0.0;0.0;3-5-2;1-3-2-2-2;4 FÉVRIER 2023- 19:00;0;18;-17.0
70980;Journée 23;STADE RAYMOND-KOPA;7873.0;;ANGERS SCO;AJ AUXERRE;1;1;49.2;50.8;45,3;54,7;41,4;58,6;12.0;10.0;0.0;1.0;6.0;4.0;390.0;406.0;17.0;18.0;10;15;5;4;2.0;0.0;0.0;0.0;2-2-2-2-2;3-2-2-2-1;12 FÉVRIER 2023- 15:00;0;25;-1.5999999999999943
70981;Journée 23;STADE GABRIEL-MONTPIED;13576.0;;CLERMONT FOOT 63;OLYMPIQUE DE MARSEILLE;0;2;37.9;62.1;46,7;53,3;36,4;63,6;6.0;7.0;1.0;3.0;3.0;4.0;332.0;541.0;10.0;22.0;9;17;4;5;4.0;3.0;0.0;0.0;3-2-2-2-1;2-2-2-3-1;11 FÉVRIER 2023- 21:00;0;26;-24.200000000000003
70982;Journée 23;DECATHLON ARENA  STADE PIERRE-MAUROY;30812.0;;LOSC LILLE;RC STRASBOURG ALSACE;2;0;67.0;33.0;46,5;53,5;55,6;44,4;5.0;7.0;1.0;4.0;5.0;4.0;738.0;351.0;11.0;17.0;14;5;10;0;1.0;2.0;0.0;0.0;2-2-2-3-1;2-2-2-3-1;12 FÉVRIER 2023- 15:00;1;19;34.0
70983;Journée 23;GROUPAMA STADIUM;53426.0;;OLYMPIQUE LYONNAIS;RC LENS;2;1;41.1;58.9;55,9;44,1;48;52;21.0;6.0;4.0;4.0;2.0;5.0;430.0;599.0;7.0;26.0;11;14;5;4;1.0;1.0;0.0;0.0;3-2-2-1-2;2-2-2-3-1;12 FÉVRIER 2023- 20:45;1;25;-17.799999999999997
70984;Journée 23;STADE LOUIS-II;14908.0;;AS MONACO;PARIS SAINT-GERMAIN;3;1;41.9;58.1;58,6;41,4;68,8;31,3;11.0;16.0;2.0;1.0;3.0;2.0;491.0;695.0;12.0;4.0;19;7;9;2;0.0;1.0;0.0;0.0;2-2-2-2-2;5-3-2;11 FÉVRIER 2023- 17:00;1;26;-16.200000000000003
70985;Journée 23;STADE DE LA MOSSON ET DU MONDIAL 98;12901.0;;MONTPELLIER HÉRAULT SC;STADE BRESTOIS 29;3;0;43.9;56.1;58;42;51,5;48,5;13.0;9.0;2.0;0.0;4.0;3.0;348.0;453.0;18.0;15.0;16;10;7;2;1.0;2.0;0.0;0.0;2-2-2-3-1;4-1-2-2-1;12 FÉVRIER 2023- 15:00;1;26;-12.200000000000003
70986;Journée 23;STADE DE LA BEAUJOIRE-LOUIS FONTENEAU;33579.0;;FC NANTES;FC LORIENT;1;0;49.3;50.7;56,7;43,3;55,6;44,4;9.0;7.0;1.0;1.0;7.0;3.0;472.0;502.0;26.0;7.0;12;9;5;5;0.0;0.0;0.0;0.0;2-2-2-3-1;3-2-2-2-1;12 FÉVRIER 2023- 17:05;1;21;-1.4000000000000057
70987;Journée 23;ALLIANZ RIVIERA;20163.0;;OGC NICE;AC AJACCIO;3;0;62.0;38.0;48,7;51,3;60;40;9.0;11.0;2.0;2.0;5.0;5.0;654.0;396.0;11.0;14.0;11;6;3;3;1.0;0.0;0.0;0.0;2-2-1-2-2-1;4-1-2-2-1;10 FÉVRIER 2023- 21:00;1;17;24.0
70988;Journée 23;STADE AUGUSTE-DELAUNE;14054.0;;STADE DE REIMS;ESTAC TROYES;4;0;54.0;46.0;51,6;48,4;46,4;53,6;13.0;18.0;3.0;2.0;5.0;2.0;445.0;384.0;19.0;10.0;20;7;10;2;1.0;2.0;0.0;0.0;2-2-2-3-1;5-3-2;12 FÉVRIER 2023- 15:00;1;27;8.0
70989;Journée 23;STADIUM;21783.0;;TOULOUSE FC;STADE RENNAIS FC;3;1;31.1;68.9;50,7;49,3;50;50;13.0;4.0;3.0;0.0;2.0;7.0;278.0;610.0;6.0;25.0;13;13;7;4;1.0;1.0;0.0;0.0;2-2-1-2-2-1;2-2-2-2-2;12 FÉVRIER 2023- 13:00;1;26;-37.800000000000004
70990;Journée 24;STADE DE L'ABBÉ-DESCHAMPS;16396.0;;AJ AUXERRE;OLYMPIQUE LYONNAIS;2;1;35.3;64.7;51,4;48,6;55,6;44,4;14.0;9.0;3.0;1.0;6.0;4.0;306.0;577.0;14.0;16.0;8;6;3;4;4.0;2.0;0.0;0.0;3-2-2-2-1;1-2-2-3-2;17 FÉVRIER 2023- 21:00;1;14;-29.400000000000006
70991;Journée 24;STADE FRANCIS-LE BLÉ;13203.0;;STADE BRESTOIS 29;AS MONACO;1;2;48.2;51.8;45,2;54,8;38,7;61,3;16.0;9.0;1.0;6.0;5.0;5.0;428.0;474.0;26.0;12.0;12;9;3;3;1.0;2.0;0.0;0.0;2-2-1-4-1;2-2-2-2-2;19 FÉVRIER 2023- 15:00;0;21;-3.5999999999999943
70992;Journée 24;STADE BOLLAERT-DELELIS;37984.0;;RC LENS;FC NANTES;3;1;57.6;42.4;54,5;45,5;54,5;45,5;8.0;10.0;3.0;1.0;2.0;5.0;580.0;423.0;23.0;18.0;19;6;6;3;0.0;0.0;0.0;0.0;3-2-2-2-1;1-2-2-3-2;19 FÉVRIER 2023- 17:05;1;25;15.200000000000003
70993;Journée 24;STADE YVES-ALLAINMAT;12918.0;;FC LORIENT;AC AJACCIO;3;0;58.5;41.5;52,2;47,8;35,3;64,7;5.0;11.0;3.0;1.0;2.0;2.0;556.0;383.0;7.0;18.0;10;12;6;3;0.0;2.0;0.0;0.0;2-2-2-3-1;4-1-2-2-1;19 FÉVRIER 2023- 15:00;1;22;17.0
70994;Journée 24;ALLIANZ RIVIERA;20968.0;;OGC NICE;STADE DE REIMS;0;0;52.8;47.2;63,6;36,4;40;60;11.0;9.0;1.0;2.0;9.0;0.0;482.0;444.0;30.0;9.0;16;10;1;2;1.0;1.0;0.0;0.0;2-2-1-2-2-1;3-2-2-2-1;18 FÉVRIER 2023- 17:00;0;26;5.599999999999994
70995;Journée 24;PARC DES PRINCES;47926.0;;PARIS SAINT-GERMAIN;LOSC LILLE;4;3;46.5;53.5;62,7;37,3;56,3;43,8;12.0;7.0;1.0;3.0;3.0;6.0;446.0;506.0;7.0;16.0;12;16;10;7;2.0;4.0;0.0;0.0;2-2-3-1-2;3-2-2-2-1;19 FÉVRIER 2023- 13:00;1;28;-7.0
70996;Journée 24;ROAZHON PARK;27798.0;;STADE RENNAIS FC;CLERMONT FOOT 63;2;0;60.0;40.0;53,4;46,6;53,3;46,7;11.0;13.0;2.0;1.0;2.0;7.0;585.0;380.0;6.0;18.0;18;7;6;3;0.0;2.0;0.0;0.0;2-2-2-3-1;2-2-2-3-1;19 FÉVRIER 2023- 15:00;1;25;20.0
70997;Journée 24;STADE DE LA MEINAU;25062.0;;RC STRASBOURG ALSACE;ANGERS SCO;2;1;36.5;63.5;59;41;62,2;37,8;12.0;5.0;0.0;3.0;4.0;5.0;317.0;544.0;13.0;25.0;18;10;5;3;3.0;3.0;0.0;0.0;3-5-2;2-2-2-2-2;18 FÉVRIER 2023- 21:00;1;28;-27.0
70998;Journée 24;STADIUM;29218.0;;TOULOUSE FC;OLYMPIQUE DE MARSEILLE;2;3;52.0;48.0;50;50;50;50;10.0;14.0;0.0;3.0;3.0;10.0;448.0;401.0;14.0;25.0;15;15;6;7;0.0;2.0;0.0;0.0;2-2-1-4-1;2-2-2-3-1;19 FÉVRIER 2023- 20:45;0;30;4.0
70999;Journée 24;STADE DE L'AUBE;7345.0;;ESTAC TROYES;MONTPELLIER HÉRAULT SC;0;1;51.0;49.0;46,8;53,2;39,4;60,6;9.0;18.0;0.0;0.0;2.0;10.0;451.0;408.0;14.0;39.0;4;19;2;7;2.0;1.0;1.0;1.0;3-2-2-2-1;3-2-2-2-1;19 FÉVRIER 2023- 15:00;0;23;2.0
71000;Journée 25;STADE FRANÇOIS-COTY;6753.0;;AC AJACCIO;ESTAC TROYES;2;1;53.6;46.4;54,3;45,7;57,8;42,2;11.0;10.0;1.0;4.0;6.0;3.0;412.0;357.0;16.0;13.0;14;11;6;5;2.0;0.0;0.0;1.0;2-2-2-2-2;2-2-2-3-1;26 FÉVRIER 2023- 15:00;1;25;7.200000000000003
71001;Journée 25;STADE RAYMOND-KOPA;12031.0;;ANGERS SCO;OLYMPIQUE LYONNAIS;1;3;42.5;57.5;53,8;46,2;50;50;17.0;11.0;3.0;1.0;2.0;2.0;430.0;591.0;16.0;11.0;11;7;2;5;0.0;0.0;0.0;0.0;2-2-1-2-2-1;2-2-1-2-2-1;25 FÉVRIER 2023- 17:00;0;18;-15.0
71002;Journée 25;STADE GABRIEL-MONTPIED;10221.0;;CLERMONT FOOT 63;RC STRASBOURG ALSACE;1;1;56.2;43.8;55,1;44,9;41,2;58,8;8.0;16.0;3.0;4.0;7.0;2.0;451.0;357.0;19.0;12.0;11;12;4;6;1.0;4.0;0.0;0.0;3-2-2-2-1;5-3-2;26 FÉVRIER 2023- 15:00;0;23;12.400000000000006
71003;Journée 25;DECATHLON ARENA  STADE PIERRE-MAUROY;30257.0;;LOSC LILLE;STADE BRESTOIS 29;2;1;69.5;30.5;48,2;51,8;54,8;45,2;8.0;8.0;2.0;2.0;11.0;2.0;609.0;268.0;25.0;6.0;18;3;4;0;2.0;2.0;0.0;1.0;2-2-2-3-1;4-1-2-2-1;24 FÉVRIER 2023- 21:00;1;21;39.0
71004;Journée 25;STADE YVES-ALLAINMAT;13089.0;;FC LORIENT;AJ AUXERRE;0;1;61.1;38.9;56,3;43,8;44;56;9.0;11.0;2.0;0.0;10.0;0.0;508.0;331.0;27.0;8.0;18;9;4;1;2.0;3.0;0.0;0.0;2-2-2-3-1;2-2-2-3-1;26 FÉVRIER 2023- 13:00;0;27;22.200000000000003
71005;Journée 25;ORANGE VÉLODROME;65894.0;;OLYMPIQUE DE MARSEILLE;PARIS SAINT-GERMAIN;0;3;53.8;46.2;43,5;56,5;36,8;63,2;11.0;10.0;2.0;2.0;7.0;4.0;466.0;414.0;25.0;7.0;19;12;6;7;0.0;0.0;0.0;0.0;3-2-2-2-1;5-3-2;26 FÉVRIER 2023- 20:45;0;31;7.599999999999994
71006;Journée 25;STADE LOUIS-II;8903.0;;AS MONACO;OGC NICE;0;3;55.6;44.4;48,4;51,6;50;50;9.0;13.0;2.0;1.0;5.0;3.0;579.0;483.0;29.0;5.0;15;12;4;7;0.0;1.0;0.0;0.0;3-1-4-2;3-2-3-2;26 FÉVRIER 2023- 17:05;0;27;11.200000000000003
71007;Journée 25;STADE DE LA MOSSON ET DU MONDIAL 98;17074.0;;MONTPELLIER HÉRAULT SC;RC LENS;1;1;38.0;62.0;48,9;51,1;46,4;53,6;9.0;4.0;4.0;1.0;4.0;6.0;334.0;548.0;18.0;27.0;8;19;3;6;0.0;3.0;0.0;0.0;3-2-2-2-1;2-2-2-3-1;25 FÉVRIER 2023- 21:00;0;27;-24.0
71008;Journée 25;STADE DE LA BEAUJOIRE-LOUIS FONTENEAU;34467.0;;FC NANTES;STADE RENNAIS FC;0;1;55.2;44.8;49,6;50,4;44,4;55,6;7.0;12.0;5.0;0.0;12.0;4.0;477.0;414.0;40.0;10.0;20;12;8;3;2.0;2.0;0.0;0.0;2-2-1-2-2-1;2-2-1-2-2-1;26 FÉVRIER 2023- 15:00;0;32;10.400000000000006
71009;Journée 25;STADE AUGUSTE-DELAUNE;12139.0;;STADE DE REIMS;TOULOUSE FC;3;0;47.6;52.4;55,5;44,5;60;40;14.0;14.0;1.0;3.0;4.0;2.0;440.0;495.0;17.0;14.0;18;13;6;6;0.0;0.0;0.0;0.0;2-2-2-3-1;2-2-1-2-2-1;26 FÉVRIER 2023- 15:00;1;31;-4.799999999999997
71010;Journée 26;STADE BOLLAERT-DELELIS;37974.0;;RC LENS;LOSC LILLE;1;1;37.5;62.5;52,2;47,8;61,1;38,9;13.0;10.0;4.0;3.0;10.0;3.0;310.0;538.0;22.0;15.0;10;11;1;6;2.0;4.0;0.0;0.0;2-2-2-3-1;3-2-2-2-1;4 MARS 2023- 17:00;0;21;-25.0
71011;Journée 26;GROUPAMA STADIUM;38568.0;;OLYMPIQUE LYONNAIS;FC LORIENT;0;0;53.4;46.6;42,1;57,9;50;50;11.0;6.0;0.0;3.0;6.0;5.0;539.0;476.0;23.0;9.0;17;11;5;1;1.0;0.0;0.0;0.0;2-2-1-2-2-1;4-1-2-2-1;5 MARS 2023- 17:05;0;28;6.799999999999997
71012;Journée 26;STADE DE LA MOSSON ET DU MONDIAL 98;11664.0;;MONTPELLIER HÉRAULT SC;ANGERS SCO;5;0;59.4;40.6;49,5;50,5;62,5;37,5;11.0;13.0;0.0;0.0;6.0;5.0;516.0;357.0;21.0;10.0;15;10;8;4;1.0;2.0;0.0;1.0;2-2-2-3-1;2-2-1-2-2-1;5 MARS 2023- 15:00;1;25;18.799999999999997
71013;Journée 26;ALLIANZ RIVIERA;21133.0;;OGC NICE;AJ AUXERRE;1;1;64.7;35.3;61;39;75;25;14.0;17.0;0.0;0.0;8.0;0.0;602.0;338.0;40.0;9.0;17;3;5;1;0.0;1.0;0.0;0.0;2-2-1-2-2-1;2-2-2-3-1;3 MARS 2023- 21:00;0;20;29.400000000000006
71014;Journée 26;PARC DES PRINCES;47926.0;;PARIS SAINT-GERMAIN;FC NANTES;4;2;66.9;33.1;45,6;54,4;60;40;7.0;11.0;1.0;1.0;4.0;6.0;753.0;358.0;13.0;16.0;17;8;11;5;0.0;2.0;0.0;0.0;3-5-2;3-2-3-2;4 MARS 2023- 21:00;1;25;33.800000000000004
71015;Journée 26;STADE AUGUSTE-DELAUNE;12855.0;;STADE DE REIMS;AC AJACCIO;1;0;64.0;36.0;51,2;48,8;51,4;48,6;4.0;12.0;3.0;2.0;2.0;1.0;562.0;330.0;28.0;6.0;12;5;3;1;3.0;4.0;0.0;0.0;2-2-2-3-1;2-2-2-2-2;5 MARS 2023- 15:00;1;17;28.0
71016;Journée 26;ROAZHON PARK;28515.0;;STADE RENNAIS FC;OLYMPIQUE DE MARSEILLE;0;1;54.6;45.4;53,6;46,4;62,5;37,5;9.0;16.0;1.0;1.0;4.0;3.0;483.0;413.0;19.0;9.0;13;11;2;4;1.0;1.0;0.0;0.0;2-2-2-2-2;2-2-2-3-1;5 MARS 2023- 20:45;0;24;9.200000000000003
71017;Journée 26;STADE DE LA MEINAU;25123.0;;RC STRASBOURG ALSACE;STADE BRESTOIS 29;0;1;62.4;37.6;51;49;50,7;49,3;4.0;8.0;1.0;3.0;9.0;2.0;487.0;294.0;29.0;12.0;16;8;4;1;2.0;1.0;0.0;0.0;3-5-2;4-1-2-2-1;5 MARS 2023- 15:00;0;24;24.799999999999997
71018;Journée 26;STADIUM;20620.0;;TOULOUSE FC;CLERMONT FOOT 63;0;1;51.4;48.6;46,7;53,3;64,7;35,3;8.0;13.0;0.0;1.0;4.0;5.0;489.0;474.0;19.0;12.0;9;12;0;3;3.0;1.0;0.0;0.0;2-2-2-3-1;2-2-2-3-1;5 MARS 2023- 15:00;0;21;2.799999999999997
71019;Journée 26;STADE DE L'AUBE;8959.0;;ESTAC TROYES;AS MONACO;2;2;38.7;61.3;46;54;35,9;64,1;11.0;5.0;2.0;5.0;3.0;4.0;361.0;560.0;13.0;32.0;13;17;6;4;0.0;1.0;0.0;0.0;3-2-2-2-1;2-2-2-2-2;5 MARS 2023- 13:00;0;30;-22.599999999999994
71020;Journée 27;STADE FRANÇOIS-COTY;6889.0;;AC AJACCIO;MONTPELLIER HÉRAULT SC;0;1;47.6;52.4;50,3;49,7;53,1;46,9;12.0;13.0;0.0;0.0;1.0;3.0;423.0;467.0;15.0;15.0;7;11;1;4;2.0;2.0;0.0;0.0;2-2-2-2-2;3-2-2-2-1;12 MARS 2023- 15:00;0;18;-4.799999999999997
71021;Journée 27;STADE RAYMOND-KOPA;6487.0;;ANGERS SCO;TOULOUSE FC;0;2;39.8;60.2;65,2;34,8;61,9;38,1;12.0;13.0;1.0;3.0;6.0;8.0;368.0;576.0;21.0;13.0;13;8;2;5;0.0;1.0;0.0;0.0;3-2-3-2;3-2-2-2-1;12 MARS 2023- 15:00;0;21;-20.400000000000006
71022;Journée 27;STADE DE L'ABBÉ-DESCHAMPS;15695.0;;AJ AUXERRE;STADE RENNAIS FC;0;0;31.5;68.5;42,4;57,6;31,3;68,8;9.0;7.0;4.0;4.0;8.0;0.0;290.0;652.0;15.0;11.0;12;7;0;2;2.0;2.0;0.0;0.0;3-2-2-2-1;2-2-2-2-2;11 MARS 2023- 17:00;0;19;-37.0
71023;Journée 27;STADE FRANCIS-LE BLÉ;14935.0;;STADE BRESTOIS 29;PARIS SAINT-GERMAIN;1;2;39.1;60.9;50,7;49,3;30,8;69,2;12.0;6.0;1.0;1.0;6.0;3.0;370.0;605.0;24.0;9.0;7;17;2;8;1.0;1.0;0.0;0.0;2-2-1-4-1;2-2-2-2-2;11 MARS 2023- 21:00;0;24;-21.799999999999997
71024;Journée 27;STADE GABRIEL-MONTPIED;12311.0;;CLERMONT FOOT 63;RC LENS;0;4;46.6;53.4;42,9;57,1;50;50;11.0;7.0;0.0;4.0;6.0;4.0;435.0;498.0;15.0;16.0;9;13;6;6;1.0;2.0;0.0;0.0;3-2-2-2-1;3-2-2-2-1;12 MARS 2023- 13:00;0;22;-6.799999999999997
71025;Journée 27;DECATHLON ARENA  STADE PIERRE-MAUROY;40314.0;;LOSC LILLE;OLYMPIQUE LYONNAIS;3;3;55.6;44.4;58;42;40;60;13.0;8.0;1.0;0.0;4.0;0.0;477.0;388.0;20.0;8.0;8;6;6;5;5.0;4.0;0.0;0.0;2-2-2-3-1;2-2-1-2-2-1;10 MARS 2023- 21:00;0;14;11.200000000000003
71026;Journée 27;STADE YVES-ALLAINMAT;13889.0;;FC LORIENT;ESTAC TROYES;2;0;52.3;47.7;46,8;53,2;39,3;60,7;13.0;11.0;2.0;1.0;1.0;4.0;516.0;463.0;10.0;19.0;16;9;6;2;0.0;2.0;0.0;0.0;2-2-1-4-1;2-2-2-3-1;12 MARS 2023- 15:00;1;25;4.599999999999994
71027;Journée 27;ORANGE VÉLODROME;63380.0;;OLYMPIQUE DE MARSEILLE;RC STRASBOURG ALSACE;2;2;40.7;59.3;53;47;56;44;10.0;10.0;1.0;1.0;1.0;8.0;348.0;496.0;8.0;26.0;7;24;4;9;0.0;4.0;1.0;0.0;3-2-2-2-1;5-3-2;12 MARS 2023- 20:45;0;31;-18.599999999999994
71028;Journée 27;STADE LOUIS-II;4883.0;;AS MONACO;STADE DE REIMS;0;1;48.6;51.4;55,7;44,3;44,4;55,6;15.0;4.0;3.0;1.0;3.0;3.0;468.0;499.0;17.0;19.0;14;17;3;8;1.0;2.0;0.0;0.0;2-2-2-2-2;3-2-2-2-1;12 MARS 2023- 17:05;0;31;-2.799999999999997
71029;Journée 27;STADE DE LA BEAUJOIRE-LOUIS FONTENEAU;33568.0;;FC NANTES;OGC NICE;2;2;44.9;55.1;55,4;44,6;63,2;36,8;3.0;9.0;2.0;0.0;1.0;10.0;472.0;575.0;10.0;23.0;10;16;3;8;1.0;1.0;0.0;0.0;2-2-2-3-1;2-2-2-3-1;12 MARS 2023- 15:00;0;26;-10.200000000000003
71030;Journée 28;STADE FRANÇOIS-COTY;7198.0;;AC AJACCIO;AS MONACO;0;2;42.3;57.7;48,5;51,5;57,4;42,6;18.0;9.0;0.0;3.0;1.0;4.0;346.0;473.0;11.0;18.0;10;8;1;4;2.0;1.0;1.0;0.0;2-2-2-2-2;2-2-2-2-2;19 MARS 2023- 13:00;0;18;-15.400000000000006
71031;Journée 28;STADE BOLLAERT-DELELIS;37410.0;;RC LENS;ANGERS SCO;3;0;45.9;54.1;55,7;44,3;50;50;7.0;18.0;2.0;2.0;4.0;4.0;472.0;564.0;13.0;8.0;12;3;6;1;0.0;0.0;0.0;0.0;2-2-1-4-1;3-2-3-2;18 MARS 2023- 21:00;1;15;-8.200000000000003
71032;Journée 28;GROUPAMA STADIUM;38880.0;;OLYMPIQUE LYONNAIS;FC NANTES;1;1;66.9;33.1;48,7;51,3;56,5;43,5;6.0;11.0;1.0;5.0;5.0;2.0;664.0;322.0;19.0;13.0;11;11;6;5;0.0;1.0;0.0;0.0;2-2-1-2-2-1;3-2-2-2-1;17 MARS 2023- 21:00;0;22;33.800000000000004
71033;Journée 28;STADE DE LA MOSSON ET DU MONDIAL 98;13166.0;;MONTPELLIER HÉRAULT SC;CLERMONT FOOT 63;2;1;56.1;43.9;46,5;53,5;50;50;18.0;18.0;1.0;1.0;11.0;4.0;453.0;359.0;23.0;12.0;23;16;9;8;1.0;1.0;1.0;0.0;2-2-2-3-1;2-2-2-3-1;19 MARS 2023- 15:00;1;39;12.200000000000003
71034;Journée 28;ALLIANZ RIVIERA;20762.0;;OGC NICE;FC LORIENT;1;1;53.3;46.7;55,4;44,6;47,4;52,6;13.0;5.0;1.0;1.0;10.0;2.0;542.0;496.0;33.0;3.0;16;9;1;3;0.0;2.0;0.0;1.0;3-2-2-1-2;4-1-2-2-1;19 MARS 2023- 15:00;0;25;6.599999999999994
71035;Journée 28;PARC DES PRINCES;47926.0;;PARIS SAINT-GERMAIN;STADE RENNAIS FC;0;2;59.8;40.2;47,9;52,1;73,3;26,7;10.0;11.0;5.0;0.0;6.0;3.0;648.0;424.0;11.0;8.0;17;10;8;3;1.0;1.0;0.0;0.0;3-5-2;2-2-2-3-1;19 MARS 2023- 17:05;0;27;19.599999999999994
71036;Journée 28;STADE AUGUSTE-DELAUNE;20479.0;;STADE DE REIMS;OLYMPIQUE DE MARSEILLE;1;2;55.5;44.5;52,8;47,2;56,8;43,2;14.0;8.0;1.0;4.0;6.0;5.0;417.0;348.0;33.0;12.0;19;12;6;5;2.0;3.0;0.0;0.0;2-2-2-3-1;2-2-2-3-1;19 MARS 2023- 20:45;0;31;11.0
71037;Journée 28;STADE DE LA MEINAU;25533.0;;RC STRASBOURG ALSACE;AJ AUXERRE;2;0;51.0;49.0;54,1;45,9;62,3;37,7;17.0;12.0;1.0;0.0;5.0;4.0;379.0;367.0;16.0;13.0;13;8;6;1;2.0;1.0;0.0;0.0;3-2-3-2;2-2-2-3-1;19 MARS 2023- 15:00;1;21;2.0
71038;Journée 28;STADIUM;23006.0;;TOULOUSE FC;LOSC LILLE;0;2;46.4;53.6;46,7;53,3;56,3;43,8;13.0;7.0;2.0;0.0;12.0;8.0;435.0;526.0;25.0;14.0;16;18;4;5;2.0;0.0;0.0;0.0;2-2-2-3-1;3-2-2-2-1;18 MARS 2023- 17:00;0;34;-7.200000000000003
71039;Journée 28;STADE DE L'AUBE;8652.0;;ESTAC TROYES;STADE BRESTOIS 29;2;2;48.1;51.9;52,9;47,1;50;50;4.0;14.0;1.0;0.0;7.0;4.0;456.0;487.0;13.0;25.0;15;9;5;2;1.0;1.0;0.0;0.0;3-2-2-2-1;4-1-2-2-1;19 MARS 2023- 15:00;0;24;-3.799999999999997
71040;Journée 29;STADE RAYMOND-KOPA;6649.0;;ANGERS SCO;OGC NICE;1;1;36.9;63.1;46,8;53,2;53,8;46,2;8.0;12.0;1.0;0.0;5.0;2.0;331.0;584.0;20.0;22.0;13;12;6;3;1.0;1.0;0.0;0.0;3-2-3-2;2-2-1-2-2-1;2 AVRIL 2023- 15:00;0;25;-26.200000000000003
71041;Journée 29;STADE DE L'ABBÉ-DESCHAMPS;16512.0;;AJ AUXERRE;ESTAC TROYES;1;0;37.8;62.2;52,3;47,7;38,2;61,8;11.0;12.0;0.0;3.0;4.0;5.0;316.0;519.0;12.0;15.0;13;14;5;2;0.0;0.0;0.0;0.0;3-2-2-2-1;2-2-2-3-1;1 AVRIL 2023- 17:00;1;27;-24.400000000000006
71042;Journée 29;STADE FRANCIS-LE BLÉ;12325.0;;STADE BRESTOIS 29;TOULOUSE FC;3;1;41.0;59.0;59,8;40,2;72,7;27,3;12.0;7.0;1.0;3.0;4.0;2.0;353.0;537.0;25.0;12.0;17;9;7;3;2.0;3.0;0.0;1.0;2-2-1-4-1;3-2-2-2-1;2 AVRIL 2023- 15:00;1;26;-18.0
71043;Journée 29;STADE GABRIEL-MONTPIED;9436.0;;CLERMONT FOOT 63;AC AJACCIO;2;1;67.3;32.7;56,9;43,1;61,8;38,2;6.0;15.0;1.0;2.0;5.0;1.0;566.0;283.0;23.0;4.0;14;3;6;2;2.0;5.0;0.0;1.0;2-2-2-3-1;2-2-2-2-2;2 AVRIL 2023- 15:00;1;17;34.599999999999994
71044;Journée 29;DECATHLON ARENA  STADE PIERRE-MAUROY;33862.0;;LOSC LILLE;FC LORIENT;3;1;60.0;40.0;52;48;50;50;12.0;8.0;2.0;1.0;5.0;1.0;585.0;393.0;19.0;8.0;20;2;7;1;3.0;1.0;0.0;1.0;2-2-2-3-1;4-1-2-2-1;2 AVRIL 2023- 13:00;1;22;20.0
71045;Journée 29;ORANGE VÉLODROME;58231.0;;OLYMPIQUE DE MARSEILLE;MONTPELLIER HÉRAULT SC;1;1;68.5;31.5;48,5;51,5;44;56;17.0;25.0;1.0;1.0;1.0;3.0;607.0;280.0;21.0;11.0;13;9;2;3;2.0;2.0;0.0;0.0;3-2-2-2-1;3-2-2-2-1;31 MARS 2023- 21:00;0;22;37.0
71046;Journée 29;STADE LOUIS-II;4756.0;;AS MONACO;RC STRASBOURG ALSACE;4;3;50.2;49.8;47,4;52,6;52,9;47,1;11.0;18.0;3.0;1.0;3.0;3.0;448.0;430.0;11.0;21.0;9;13;7;6;1.0;1.0;1.0;0.0;2-2-2-2-2;4-1-3-2;2 AVRIL 2023- 17:05;1;22;0.4000000000000057
71047;Journée 29;STADE DE LA BEAUJOIRE-LOUIS FONTENEAU;26285.0;;FC NANTES;STADE DE REIMS;0;3;48.0;52.0;49;51;45;55;19.0;10.0;0.0;1.0;3.0;4.0;410.0;450.0;24.0;13.0;12;14;6;9;1.0;2.0;0.0;0.0;2-2-1-4-1;3-2-2-2-1;2 AVRIL 2023- 15:00;0;26;-4.0
71048;Journée 29;PARC DES PRINCES;47926.0;;PARIS SAINT-GERMAIN;OLYMPIQUE LYONNAIS;0;1;62.2;37.8;57,3;42,7;50;50;12.0;15.0;1.0;2.0;7.0;1.0;690.0;426.0;16.0;5.0;16;10;5;3;3.0;3.0;0.0;0.0;3-5-2;1-2-2-3-2;2 AVRIL 2023- 20:45;0;26;24.400000000000006
71049;Journée 29;ROAZHON PARK;28556.0;;STADE RENNAIS FC;RC LENS;0;1;55.9;44.1;52,2;47,8;60;40;9.0;11.0;3.0;0.0;5.0;5.0;563.0;445.0;11.0;12.0;10;12;3;4;2.0;2.0;0.0;0.0;3-2-2-2-1;2-2-2-3-1;1 AVRIL 2023- 21:00;0;22;11.799999999999997
70770;Journée 2;STADE FRANÇOIS-COTY;9303.0;;AC AJACCIO;RC LENS;0;0;35.6;64.4;51,9;48,1;48,7;51,3;14.0;4.0;2.0;1.0;1.0;3.0;280.0;506.0;8.0;16.0;9;12;2;3;5.0;2.0;0.0;0.0;2-2-2-2-2;1-2-2-3-2;14 AOÛT 2022- 15:00;0;21;-28.800000000000004
70771;Journée 2;STADE DE L'ABBÉ-DESCHAMPS;15577.0;;AJ AUXERRE;ANGERS SCO;2;2;39.6;60.4;57,5;42,5;48,5;51,5;14.0;5.0;1.0;0.0;4.0;5.0;330.0;497.0;15.0;25.0;11;11;4;2;3.0;3.0;1.0;0.0;2-2-1-4-1;3-2-2-2-1;14 AOÛT 2022- 15:00;0;22;-20.799999999999997
70772;Journée 2;STADE FRANCIS-LE BLÉ;14688.0;;STADE BRESTOIS 29;OLYMPIQUE DE MARSEILLE;1;1;46.8;53.2;54,7;45,3;64,3;35,7;12.0;8.0;1.0;3.0;7.0;5.0;397.0;468.0;29.0;10.0;17;5;5;2;1.0;4.0;0.0;0.0;2-2-1-2-2-1;2-2-2-3-1;14 AOÛT 2022- 20:45;0;22;-6.400000000000006
70774;Journée 2;STADE LOUIS-II;8308.0;;AS MONACO;STADE RENNAIS FC;1;1;34.2;65.8;50;50;50;50;8.0;5.0;1.0;1.0;1.0;6.0;328.0;628.0;10.0;17.0;12;24;4;8;0.0;3.0;1.0;0.0;2-2-2-2-2;2-2-1-2-2-1;13 AOÛT 2022- 17:00;0;36;-31.599999999999994
70775;Journée 2;STADE DE LA BEAUJOIRE-LOUIS FONTENEAU;30689.0;;FC NANTES;LOSC LILLE;1;1;30.0;70.0;51,9;48,1;52,9;47,1;21.0;7.0;0.0;1.0;5.0;11.0;260.0;622.0;15.0;26.0;10;16;1;5;1.0;4.0;0.0;0.0;3-5-2;3-2-2-2-1;12 AOÛT 2022- 21:00;0;26;-40.0
70776;Journée 2;ALLIANZ RIVIERA;19525.0;;OGC NICE;RC STRASBOURG ALSACE;1;1;54.0;46.0;59,8;40,2;56,3;43,8;6.0;8.0;4.0;0.0;7.0;3.0;532.0;454.0;23.0;14.0;13;9;3;5;1.0;4.0;0.0;0.0;2-2-2-3-1;5-3-2;14 AOÛT 2022- 17:05;0;22;8.0
70777;Journée 2;PARC DES PRINCES;47849.0;;PARIS SAINT-GERMAIN;MONTPELLIER HÉRAULT SC;5;2;59.0;41.0;52,3;47,7;50;50;14.0;9.0;1.0;1.0;11.0;0.0;611.0;425.0;14.0;4.0;20;7;10;4;2.0;1.0;0.0;0.0;3-2-2-1-2;4-1-2-2-1;13 AOÛT 2022- 21:00;1;27;18.0
70778;Journée 2;STADE AUGUSTE-DELAUNE;9456.0;;STADE DE REIMS;CLERMONT FOOT 63;2;4;41.3;58.7;42,2;57,8;46,7;53,3;13.0;10.0;0.0;1.0;1.0;6.0;315.0;448.0;12.0;13.0;9;10;6;5;3.0;3.0;1.0;0.0;3-2-2-2-1;3-2-2-2-1;14 AOÛT 2022- 15:00;0;19;-17.400000000000006
70779;Journée 2;STADE DE L'AUBE;7630.0;;ESTAC TROYES;TOULOUSE FC;0;3;32.4;67.6;55,8;44,2;47,6;52,4;4.0;5.0;2.0;2.0;6.0;6.0;265.0;575.0;17.0;19.0;12;10;2;4;2.0;1.0;0.0;0.0;3-2-2-2-1;3-2-2-2-1;14 AOÛT 2022- 15:00;0;22;-35.199999999999996
71050;Journée 30;STADE FRANÇOIS-COTY;6742.0;;AC AJACCIO;AJ AUXERRE;0;3;56.5;43.5;46,9;53,1;54,8;45,2;13.0;13.0;5.0;1.0;7.0;5.0;435.0;344.0;30.0;12.0;9;11;2;4;1.0;3.0;0.0;0.0;2-2-2-2-2;2-2-2-3-1;9 AVRIL 2023- 15:00;0;20;13.0
71051;Journée 30;STADE RAYMOND-KOPA;7669.0;;ANGERS SCO;LOSC LILLE;1;0;33.2;66.8;48;52;45,8;54,2;8.0;7.0;0.0;2.0;3.0;6.0;242.0;503.0;12.0;23.0;7;15;5;5;2.0;3.0;0.0;0.0;3-2-3-2;3-2-2-2-1;8 AVRIL 2023- 17:00;1;22;-33.599999999999994
71052;Journée 30;STADE BOLLAERT-DELELIS;38223.0;;RC LENS;RC STRASBOURG ALSACE;2;1;54.6;45.4;48,6;51,4;48,4;51,6;4.0;18.0;0.0;1.0;5.0;1.0;512.0;423.0;12.0;16.0;13;13;9;3;1.0;3.0;0.0;1.0;3-2-2-2-1;2-2-2-3-1;7 AVRIL 2023- 21:00;1;26;9.200000000000003
71053;Journée 30;STADE YVES-ALLAINMAT;16767.0;;FC LORIENT;OLYMPIQUE DE MARSEILLE;0;0;39.8;60.2;51,6;48,4;42,1;57,9;11.0;8.0;1.0;0.0;3.0;6.0;361.0;529.0;8.0;24.0;9;13;5;2;0.0;2.0;0.0;0.0;3-2-2-2-1;2-2-2-3-1;9 AVRIL 2023- 20:45;0;22;-20.400000000000006
71054;Journée 30;GROUPAMA STADIUM;44671.0;;OLYMPIQUE LYONNAIS;STADE RENNAIS FC;3;1;59.0;41.0;53,3;46,7;46,7;53,3;6.0;9.0;4.0;0.0;7.0;2.0;523.0;367.0;19.0;5.0;11;11;3;3;2.0;2.0;0.0;0.0;2-2-1-4-1;3-2-2-2-1;9 AVRIL 2023- 13:00;1;22;18.0
71055;Journée 30;STADE DE LA MOSSON ET DU MONDIAL 98;17283.0;;MONTPELLIER HÉRAULT SC;TOULOUSE FC;1;2;50.6;49.4;48,2;51,8;45,7;54,3;5.0;8.0;1.0;1.0;4.0;3.0;420.0;414.0;18.0;11.0;15;15;8;8;0.0;2.0;0.0;0.0;2-2-2-3-1;3-2-2-2-1;9 AVRIL 2023- 15:00;0;30;1.2000000000000028
71056;Journée 30;STADE DE LA BEAUJOIRE-LOUIS FONTENEAU;30050.0;;FC NANTES;AS MONACO;2;2;48.9;51.1;39,2;60,8;38,1;61,9;12.0;16.0;2.0;2.0;6.0;8.0;387.0;415.0;20.0;16.0;9;16;2;10;3.0;1.0;0.0;0.0;2-2-2-3-1;3-2-2-2-1;9 AVRIL 2023- 17:05;0;25;-2.200000000000003
71057;Journée 30;ALLIANZ RIVIERA;34456.0;;OGC NICE;PARIS SAINT-GERMAIN;0;2;45.5;54.5;41;59;37,5;62,5;7.0;8.0;1.0;3.0;10.0;5.0;568.0;706.0;31.0;9.0;21;13;7;4;1.0;0.0;0.0;0.0;3-2-2-2-1;5-3-2;8 AVRIL 2023- 21:00;0;34;-9.0
71058;Journée 30;STADE AUGUSTE-DELAUNE;12023.0;;STADE DE REIMS;STADE BRESTOIS 29;1;1;61.2;38.8;50,4;49,6;54,3;45,7;6.0;14.0;2.0;1.0;6.0;3.0;509.0;325.0;34.0;15.0;22;12;7;5;0.0;1.0;0.0;0.0;2-2-2-3-1;4-1-2-2-1;9 AVRIL 2023- 15:00;0;34;22.400000000000006
71059;Journée 30;STADE DE L'AUBE;7777.0;;ESTAC TROYES;CLERMONT FOOT 63;0;2;42.5;57.5;45,2;54,8;44;56;13.0;8.0;0.0;1.0;3.0;2.0;401.0;538.0;10.0;17.0;9;12;3;4;3.0;2.0;0.0;0.0;3-2-2-2-1;3-2-2-2-1;9 AVRIL 2023- 15:00;0;21;-15.0
71060;Journée 31;STADE DE L'ABBÉ-DESCHAMPS;15714.0;;AJ AUXERRE;FC NANTES;2;1;30.7;69.3;42,5;57,5;47,2;52,8;11.0;10.0;0.0;2.0;3.0;6.0;253.0;568.0;13.0;30.0;13;17;7;7;2.0;2.0;0.0;0.0;3-2-2-2-1;4-1-2-2-1;16 AVRIL 2023- 15:00;1;30;-38.599999999999994
71061;Journée 31;STADE FRANCIS-LE BLÉ;12615.0;;STADE BRESTOIS 29;OGC NICE;1;0;51.7;48.3;50;50;65,5;34,5;10.0;14.0;2.0;1.0;3.0;5.0;454.0;430.0;19.0;15.0;14;12;3;6;1.0;3.0;0.0;0.0;2-2-2-3-1;1-2-2-3-2;16 AVRIL 2023- 15:00;1;26;3.4000000000000057
71062;Journée 31;STADE GABRIEL-MONTPIED;10789.0;;CLERMONT FOOT 63;ANGERS SCO;2;1;52.8;47.2;50,9;49,1;44,4;55,6;10.0;12.0;1.0;1.0;6.0;6.0;438.0;374.0;11.0;24.0;12;7;5;4;1.0;3.0;2.0;0.0;2-2-2-3-1;3-2-3-2;16 AVRIL 2023- 15:00;1;19;5.599999999999994
71063;Journée 31;DECATHLON ARENA  STADE PIERRE-MAUROY;34200.0;;LOSC LILLE;MONTPELLIER HÉRAULT SC;2;1;69.4;30.6;55,5;44,5;63;37;4.0;12.0;1.0;3.0;8.0;4.0;578.0;257.0;24.0;11.0;17;4;7;1;1.0;3.0;0.0;0.0;2-2-2-3-1;3-2-2-2-1;16 AVRIL 2023- 13:00;1;21;38.800000000000004
71064;Journée 31;ORANGE VÉLODROME;40.0;;OLYMPIQUE DE MARSEILLE;ESTAC TROYES;3;1;72.0;28.0;53;47;58,8;41,2;11.0;15.0;1.0;0.0;8.0;1.0;672.0;265.0;21.0;2.0;28;4;6;2;0.0;2.0;0.0;0.0;3-2-2-2-1;2-2-2-3-1;16 AVRIL 2023- 20:45;1;32;44.0
71065;Journée 31;STADE LOUIS-II;6930.0;;AS MONACO;FC LORIENT;3;1;46.4;53.6;49,1;50,9;63,6;36,4;10.0;13.0;3.0;0.0;5.0;3.0;466.0;555.0;26.0;14.0;11;7;7;4;0.0;1.0;0.0;0.0;2-2-2-2-2;4-1-2-2-1;16 AVRIL 2023- 17:05;1;18;-7.200000000000003
71066;Journée 31;PARC DES PRINCES;47120.0;;PARIS SAINT-GERMAIN;RC LENS;3;1;62.4;37.6;52,4;47,6;62,5;37,5;8.0;5.0;1.0;1.0;3.0;10.0;738.0;421.0;4.0;25.0;15;14;7;7;0.0;0.0;0.0;1.0;3-5-2;2-2-2-3-1;15 AVRIL 2023- 21:00;1;29;24.799999999999997
71067;Journée 31;ROAZHON PARK;27936.0;;STADE RENNAIS FC;STADE DE REIMS;3;0;50.8;49.2;53,5;46,5;38,5;61,5;16.0;11.0;1.0;5.0;6.0;4.0;433.0;409.0;14.0;24.0;23;5;8;1;1.0;2.0;0.0;0.0;2-2-1-4-1;3-2-2-2-1;15 AVRIL 2023- 17:00;1;28;1.5999999999999943
71068;Journée 31;STADE DE LA MEINAU;25130.0;;RC STRASBOURG ALSACE;AC AJACCIO;3;1;42.8;57.2;59,5;40,5;59,5;40,5;10.0;8.0;0.0;2.0;5.0;0.0;354.0;481.0;14.0;13.0;12;8;6;1;2.0;5.0;0.0;0.0;3-2-3-2;3-2-2-2-1;16 AVRIL 2023- 15:00;1;20;-14.400000000000006
71069;Journée 31;STADIUM;28302.0;;TOULOUSE FC;OLYMPIQUE LYONNAIS;1;2;42.6;57.4;45,2;54,8;31,8;68,2;8.0;14.0;2.0;1.0;8.0;5.0;440.0;607.0;23.0;18.0;13;14;6;3;1.0;4.0;0.0;0.0;2-2-2-3-1;2-2-1-2-2-1;14 AVRIL 2023- 21:00;0;27;-14.799999999999997
71070;Journée 32;STADE FRANÇOIS-COTY;6879.0;;AC AJACCIO;STADE BRESTOIS 29;0;0;43.2;56.8;47,1;52,9;44,4;55,6;8.0;13.0;2.0;1.0;4.0;4.0;354.0;459.0;16.0;28.0;3;10;2;2;2.0;2.0;1.0;0.0;2-2-2-2-2;4-1-2-2-1;23 AVRIL 2023- 15:00;0;13;-13.599999999999994
71071;Journée 32;STADE RAYMOND-KOPA;16914.0;;ANGERS SCO;PARIS SAINT-GERMAIN;1;2;34.3;65.7;56,6;43,4;50;50;15.0;9.0;3.0;0.0;5.0;8.0;424.0;850.0;26.0;9.0;16;10;4;4;0.0;0.0;0.0;0.0;3-2-3-2;5-3-2;21 AVRIL 2023- 21:00;0;26;-31.400000000000006
71072;Journée 32;STADE DE L'ABBÉ-DESCHAMPS;16779.0;;AJ AUXERRE;LOSC LILLE;1;1;30.1;69.9;48,3;51,7;60,9;39,1;10.0;4.0;2.0;3.0;4.0;4.0;284.0;679.0;12.0;16.0;8;14;4;6;0.0;1.0;0.0;0.0;3-2-2-2-1;3-2-2-2-1;22 AVRIL 2023- 17:00;0;22;-39.800000000000004
71073;Journée 32;STADE BOLLAERT-DELELIS;38223.0;;RC LENS;AS MONACO;3;0;62.8;37.2;57,1;42,9;50;50;3.0;9.0;1.0;1.0;2.0;4.0;605.0;347.0;13.0;16.0;21;11;8;4;0.0;2.0;0.0;0.0;3-2-2-2-1;3-2-2-2-1;22 AVRIL 2023- 21:00;1;32;25.599999999999994
71074;Journée 32;STADE YVES-ALLAINMAT;15948.0;;FC LORIENT;TOULOUSE FC;0;1;53.4;46.6;48,4;51,6;50;50;8.0;17.0;0.0;1.0;2.0;7.0;527.0;468.0;22.0;14.0;9;13;1;4;3.0;2.0;0.0;0.0;3-2-2-2-1;3-2-2-2-1;23 AVRIL 2023- 15:00;0;22;6.799999999999997
71075;Journée 32;GROUPAMA STADIUM;57709.0;;OLYMPIQUE LYONNAIS;OLYMPIQUE DE MARSEILLE;1;2;60.1;39.9;48,6;51,4;46,9;53,1;14.0;9.0;2.0;3.0;5.0;3.0;540.0;360.0;18.0;11.0;7;14;2;7;2.0;1.0;0.0;0.0;2-2-1-2-2-1;2-2-2-3-1;23 AVRIL 2023- 20:45;0;21;20.200000000000003
71076;Journée 32;STADE DE LA MOSSON ET DU MONDIAL 98;15537.0;;MONTPELLIER HÉRAULT SC;STADE RENNAIS FC;1;0;30.4;69.6;48,4;51,6;58,6;41,4;14.0;5.0;2.0;0.0;4.0;4.0;260.0;598.0;15.0;30.0;11;16;2;4;3.0;2.0;1.0;0.0;2-2-2-3-1;4-1-2-2-1;23 AVRIL 2023- 17:05;1;27;-39.199999999999996
71077;Journée 32;STADE DE LA BEAUJOIRE-LOUIS FONTENEAU;34082.0;;FC NANTES;ESTAC TROYES;2;2;53.7;46.3;55,1;44,9;60,6;39,4;15.0;8.0;1.0;2.0;13.0;4.0;467.0;427.0;49.0;11.0;19;9;9;4;1.0;1.0;0.0;0.0;2-2-2-2-2;2-2-2-3-1;23 AVRIL 2023- 15:00;0;28;7.400000000000006
71078;Journée 32;ALLIANZ RIVIERA;20578.0;;OGC NICE;CLERMONT FOOT 63;1;2;56.0;44.0;53,2;46,8;71,4;28,6;19.0;17.0;2.0;1.0;6.0;2.0;533.0;425.0;24.0;10.0;15;9;5;3;1.0;2.0;0.0;0.0;2-2-1-2-2-1;2-2-2-3-1;23 AVRIL 2023- 15:00;0;24;12.0
71079;Journée 32;STADE AUGUSTE-DELAUNE;13737.0;;STADE DE REIMS;RC STRASBOURG ALSACE;0;2;72.9;27.1;46,2;53,8;51,3;48,7;6.0;15.0;1.0;0.0;6.0;4.0;549.0;200.0;31.0;16.0;13;9;5;3;2.0;1.0;0.0;0.0;2-2-2-3-1;2-2-2-3-1;23 AVRIL 2023- 13:00;0;22;45.800000000000004
71080;Journée 33;STADE FRANCIS-LE BLÉ;14470.0;;STADE BRESTOIS 29;FC NANTES;2;0;52.8;47.2;61,7;38,3;67,4;32,6;10.0;9.0;4.0;1.0;2.0;4.0;518.0;450.0;17.0;26.0;8;13;4;5;0.0;1.0;0.0;0.0;2-2-1-4-1;3-2-2-2-1;3 MAI 2023- 21:00;1;21;5.599999999999994
71081;Journée 33;STADE GABRIEL-MONTPIED;11446.0;;CLERMONT FOOT 63;STADE DE REIMS;1;0;32.8;67.2;53;47;46,7;53,3;12.0;6.0;1.0;3.0;6.0;8.0;290.0;589.0;13.0;27.0;8;16;2;3;0.0;2.0;1.0;0.0;3-2-2-2-1;3-2-2-2-1;30 AVRIL 2023- 15:00;1;24;-34.400000000000006
71082;Journée 33;DECATHLON ARENA  STADE PIERRE-MAUROY;35490.0;;LOSC LILLE;AC AJACCIO;3;0;75.4;24.6;47,6;52,4;36,4;63,6;2.0;9.0;2.0;4.0;9.0;0.0;752.0;243.0;12.0;5.0;10;2;5;0;1.0;2.0;0.0;0.0;2-2-2-3-1;2-2-2-2-2;29 AVRIL 2023- 17:00;1;12;50.800000000000004
71083;Journée 33;ORANGE VÉLODROME;64523.0;;OLYMPIQUE DE MARSEILLE;AJ AUXERRE;2;1;70.0;30.0;61,5;38,5;62,2;37,8;10.0;10.0;2.0;0.0;12.0;1.0;519.0;235.0;48.0;9.0;25;11;4;3;1.0;0.0;0.0;0.0;3-2-2-2-1;2-2-2-3-1;30 AVRIL 2023- 20:45;1;36;40.0
71084;Journée 33;STADE LOUIS-II;6150.0;;AS MONACO;MONTPELLIER HÉRAULT SC;0;4;54.4;45.6;44,8;55,2;39,1;60,9;15.0;15.0;2.0;1.0;3.0;11.0;438.0;364.0;18.0;19.0;7;19;4;9;2.0;1.0;0.0;0.0;2-2-2-2-2;3-2-2-2-1;30 AVRIL 2023- 13:00;0;26;8.799999999999997
71085;Journée 33;PARC DES PRINCES;41454.0;;PARIS SAINT-GERMAIN;FC LORIENT;1;3;53.9;46.1;52,6;47,4;85,7;14,3;10.0;15.0;0.0;3.0;2.0;3.0;606.0;523.0;9.0;6.0;13;14;4;7;2.0;3.0;1.0;0.0;2-2-2-2-2;2-2-2-3-1;30 AVRIL 2023- 17:05;0;27;7.799999999999997
71086;Journée 33;ROAZHON PARK;28028.0;;STADE RENNAIS FC;ANGERS SCO;4;2;63.9;36.1;45,6;54,4;52,9;47,1;5.0;10.0;1.0;0.0;7.0;5.0;544.0;301.0;17.0;15.0;13;4;4;2;1.0;2.0;0.0;0.0;2-2-1-4-1;3-2-3-2;30 AVRIL 2023- 15:00;1;17;27.799999999999997
71087;Journée 33;STADE DE LA MEINAU;25360.0;;RC STRASBOURG ALSACE;OLYMPIQUE LYONNAIS;1;2;53.1;46.9;60,3;39,7;54,2;45,8;12.0;12.0;1.0;1.0;5.0;4.0;439.0;396.0;26.0;10.0;11;7;3;4;2.0;2.0;0.0;1.0;3-2-2-2-1;4-1-3-2;28 AVRIL 2023- 21:00;0;18;6.200000000000003
71088;Journée 33;STADIUM;30866.0;;TOULOUSE FC;RC LENS;0;1;46.2;53.8;50;50;50;50;6.0;14.0;2.0;2.0;5.0;0.0;470.0;558.0;18.0;8.0;9;11;2;3;1.0;2.0;0.0;0.0;3-2-2-2-1;2-2-2-3-1;2 MAI 2023- 21:00;0;20;-7.599999999999994
71089;Journée 33;STADE DE L'AUBE;8399.0;;ESTAC TROYES;OGC NICE;0;1;35.6;64.4;47,4;52,6;46,7;53,3;5.0;10.0;1.0;0.0;3.0;14.0;364.0;658.0;7.0;35.0;9;30;6;13;0.0;2.0;0.0;0.0;3-2-2-2-1;2-2-1-2-2-1;30 AVRIL 2023- 15:00;0;39;-28.800000000000004
71090;Journée 34;STADE FRANÇOIS-COTY;6735.0;;AC AJACCIO;TOULOUSE FC;0;0;38.7;61.3;54,2;45,8;37;63;7.0;7.0;1.0;1.0;4.0;7.0;342.0;542.0;18.0;27.0;4;15;2;5;3.0;0.0;0.0;0.0;2-2-3-2-1;3-2-2-2-1;7 MAI 2023- 15:00;0;19;-22.599999999999994
71091;Journée 34;STADE RAYMOND-KOPA;9223.0;;ANGERS SCO;AS MONACO;1;2;61.0;39.0;53,7;46,3;42,3;57,7;5.0;13.0;0.0;1.0;4.0;3.0;560.0;357.0;20.0;11.0;10;14;3;6;3.0;2.0;0.0;0.0;3-2-3-2;2-2-2-3-1;7 MAI 2023- 13:00;0;24;22.0
71092;Journée 34;STADE DE L'ABBÉ-DESCHAMPS;16330.0;;AJ AUXERRE;CLERMONT FOOT 63;1;1;46.3;53.7;45,8;54,2;54,5;45,5;14.0;11.0;2.0;2.0;2.0;2.0;407.0;473.0;14.0;12.0;12;9;4;4;1.0;0.0;0.0;0.0;3-2-2-2-1;2-2-2-3-1;7 MAI 2023- 15:00;0;21;-7.400000000000006
71093;Journée 34;STADE BOLLAERT-DELELIS;38220.0;;RC LENS;OLYMPIQUE DE MARSEILLE;2;1;42.5;57.5;46,4;53,6;53,8;46,2;13.0;11.0;1.0;2.0;7.0;7.0;299.0;401.0;15.0;28.0;9;14;3;3;5.0;2.0;0.0;0.0;3-2-2-2-1;2-2-2-3-1;6 MAI 2023- 21:00;1;23;-15.0
71094;Journée 34;STADE YVES-ALLAINMAT;16338.0;;FC LORIENT;STADE BRESTOIS 29;2;1;46.2;53.8;51;49;50;50;5.0;8.0;2.0;0.0;4.0;6.0;378.0;426.0;7.0;27.0;6;15;3;2;1.0;2.0;1.0;0.0;3-2-2-2-1;4-1-2-2-1;7 MAI 2023- 15:00;1;21;-7.599999999999994
71095;Journée 34;GROUPAMA STADIUM;49531.0;;OLYMPIQUE LYONNAIS;MONTPELLIER HÉRAULT SC;5;4;69.9;30.1;51,4;48,6;69,2;30,8;9.0;6.0;2.0;3.0;3.0;5.0;606.0;253.0;17.0;13.0;16;12;8;6;0.0;3.0;0.0;0.0;2-2-2-3-1;3-2-2-2-1;7 MAI 2023- 17:05;1;28;39.800000000000004
71096;Journée 34;STADE DE LA BEAUJOIRE-LOUIS FONTENEAU;28563.0;;FC NANTES;RC STRASBOURG ALSACE;0;2;54.3;45.7;47,2;52,8;51,5;48,5;9.0;15.0;1.0;0.0;11.0;1.0;413.0;376.0;40.0;8.0;13;8;5;6;3.0;1.0;0.0;0.0;3-2-2-1-2;2-2-2-3-1;7 MAI 2023- 15:00;0;21;8.599999999999994
71097;Journée 34;ALLIANZ RIVIERA;22601.0;;OGC NICE;STADE RENNAIS FC;2;1;45.9;54.1;53,3;46,7;60;40;9.0;8.0;4.0;0.0;4.0;7.0;420.0;496.0;21.0;22.0;11;14;4;4;0.0;1.0;0.0;0.0;2-2-1-2-2-1;4-1-2-2-1;6 MAI 2023- 17:00;1;25;-8.200000000000003
71098;Journée 34;STADE AUGUSTE-DELAUNE;17911.0;;STADE DE REIMS;LOSC LILLE;1;0;35.9;64.1;45,5;54,5;45,8;54,2;10.0;8.0;8.0;0.0;4.0;7.0;282.0;504.0;14.0;23.0;14;11;4;5;2.0;3.0;0.0;0.0;2-2-3-1-2;3-2-2-2-1;6 MAI 2023- 19:00;1;25;-28.199999999999996
71099;Journée 34;STADE DE L'AUBE;18890.0;;ESTAC TROYES;PARIS SAINT-GERMAIN;1;3;39.5;60.5;46,8;53,2;40;60;9.0;10.0;1.0;2.0;6.0;6.0;462.0;728.0;15.0;16.0;7;31;3;12;1.0;0.0;0.0;0.0;3-2-2-2-1;5-3-2;7 MAI 2023- 20:45;0;38;-21.0
71100;Journée 35;STADE FRANCIS-LE BLÉ;15028.0;;STADE BRESTOIS 29;AJ AUXERRE;1;0;45.2;54.8;61,1;38,9;63,4;36,6;12.0;8.0;3.0;0.0;6.0;0.0;422.0;534.0;28.0;9.0;15;10;10;2;0.0;0.0;0.0;0.0;2-2-1-4-1;3-2-3-2;14 MAI 2023- 15:00;1;25;-9.599999999999994
71101;Journée 35;STADE GABRIEL-MONTPIED;13191.0;;CLERMONT FOOT 63;OLYMPIQUE LYONNAIS;2;1;37.5;62.5;40,8;59,2;37,5;62,5;23.0;18.0;2.0;3.0;5.0;2.0;366.0;619.0;13.0;10.0;9;15;6;4;3.0;3.0;0.0;0.0;3-2-2-2-1;1-2-2-3-2;14 MAI 2023- 13:00;1;24;-25.0
71102;Journée 35;STADE BOLLAERT-DELELIS;37701.0;;RC LENS;STADE DE REIMS;2;1;39.6;60.4;61,3;38,7;64,3;35,7;7.0;5.0;1.0;0.0;0.0;14.0;329.0;485.0;12.0;31.0;8;17;6;3;1.0;3.0;1.0;0.0;3-2-2-2-1;1-2-1-2-2-2;12 MAI 2023- 21:00;1;25;-20.799999999999997
71103;Journée 35;ORANGE VÉLODROME;63329.0;;OLYMPIQUE DE MARSEILLE;ANGERS SCO;3;1;62.5;37.5;53,4;46,6;53,8;46,2;10.0;11.0;7.0;0.0;7.0;0.0;527.0;323.0;21.0;4.0;14;4;6;1;1.0;2.0;0.0;0.0;3-2-2-2-1;3-2-3-2;14 MAI 2023- 20:45;1;18;25.0
71104;Journée 35;STADE LOUIS-II;6805.0;;AS MONACO;LOSC LILLE;0;0;41.2;58.8;50,9;49,1;54,5;45,5;12.0;14.0;3.0;0.0;3.0;4.0;355.0;524.0;15.0;9.0;8;10;1;4;0.0;2.0;0.0;0.0;2-2-2-3-1;3-2-2-2-1;14 MAI 2023- 17:05;0;18;-17.599999999999994
71105;Journée 35;STADE DE LA MOSSON ET DU MONDIAL 98;12595.0;;MONTPELLIER HÉRAULT SC;FC LORIENT;1;1;42.9;57.1;48,7;51,3;52,2;47,8;11.0;15.0;0.0;2.0;11.0;5.0;377.0;534.0;34.0;11.0;15;11;4;3;2.0;3.0;0.0;0.0;2-2-1-2-2-1;2-2-2-3-1;14 MAI 2023- 15:00;0;26;-14.200000000000003
71106;Journée 35;PARC DES PRINCES;47926.0;;PARIS SAINT-GERMAIN;AC AJACCIO;5;0;72.8;27.2;48,3;51,7;50;50;7.0;12.0;1.0;0.0;8.0;3.0;743.0;275.0;18.0;7.0;16;7;9;2;1.0;1.0;1.0;1.0;3-2-2-2-1;2-2-1-2-2-1;13 MAI 2023- 21:00;1;23;45.599999999999994
71107;Journée 35;ROAZHON PARK;27836.0;;STADE RENNAIS FC;ESTAC TROYES;4;0;66.7;33.3;56,3;43,7;47,4;52,6;9.0;7.0;3.0;1.0;9.0;1.0;567.0;283.0;20.0;10.0;26;4;9;0;0.0;1.0;0.0;0.0;2-2-1-4-1;2-2-2-3-1;14 MAI 2023- 15:00;1;30;33.400000000000006
71108;Journée 35;STADE DE LA MEINAU;25147.0;;RC STRASBOURG ALSACE;OGC NICE;2;0;38.9;61.1;46,4;53,6;54,2;45,8;11.0;7.0;0.0;1.0;2.0;3.0;365.0;580.0;13.0;15.0;12;9;3;4;1.0;1.0;0.0;0.0;3-2-2-2-1;2-2-1-2-2-1;13 MAI 2023- 17:00;1;21;-22.200000000000003
71109;Journée 35;STADIUM;27033.0;;TOULOUSE FC;FC NANTES;0;0;71.1;28.9;58,3;41,7;55,9;44,1;6.0;12.0;3.0;2.0;10.0;5.0;706.0;289.0;41.0;9.0;14;8;6;1;1.0;1.0;0.0;0.0;2-2-2-3-1;1-2-2-3-2;14 MAI 2023- 15:00;0;22;42.199999999999996
71110;Journée 36;STADE FRANÇOIS-COTY;6637.0;;AC AJACCIO;STADE RENNAIS FC;0;5;41.0;59.0;45,5;54,5;46,2;53,8;13.0;8.0;2.0;2.0;2.0;5.0;361.0;521.0;10.0;10.0;2;13;0;7;1.0;2.0;1.0;0.0;2-2-2-2-2;4-1-2-2-1;21 MAI 2023- 13:00;0;15;-18.0
71111;Journée 36;STADE DE L'ABBÉ-DESCHAMPS;16682.0;;AJ AUXERRE;PARIS SAINT-GERMAIN;1;2;36.7;63.3;49,4;50,6;70;30;8.0;4.0;0.0;5.0;4.0;6.0;421.0;755.0;23.0;11.0;14;15;7;4;1.0;0.0;0.0;0.0;3-2-2-2-1;2-2-2-3-1;21 MAI 2023- 20:45;0;29;-26.599999999999994
71112;Journée 36;STADE FRANCIS-LE BLÉ;13751.0;;STADE BRESTOIS 29;CLERMONT FOOT 63;2;1;40.5;59.5;46,6;53,4;50;50;10.0;7.0;2.0;0.0;7.0;1.0;331.0;491.0;15.0;17.0;10;8;3;2;3.0;4.0;0.0;0.0;2-2-2-3-1;2-2-2-3-1;21 MAI 2023- 15:00;1;18;-19.0
71113;Journée 36;DECATHLON ARENA  STADE PIERRE-MAUROY;47399.0;;LOSC LILLE;OLYMPIQUE DE MARSEILLE;2;1;47.2;52.8;56,1;43,9;60,7;39,3;12.0;7.0;0.0;5.0;3.0;4.0;405.0;456.0;8.0;8.0;12;8;3;3;3.0;2.0;0.0;0.0;2-2-1-2-1-2;2-2-2-3-1;20 MAI 2023- 21:00;1;20;-5.599999999999994
71114;Journée 36;STADE YVES-ALLAINMAT;16724.0;;FC LORIENT;RC LENS;1;3;47.1;52.9;48,9;51,1;42,9;57,1;9.0;4.0;0.0;0.0;3.0;5.0;460.0;510.0;10.0;19.0;13;15;5;7;2.0;2.0;0.0;0.0;3-2-2-2-1;2-2-2-3-1;21 MAI 2023- 17:05;0;28;-5.799999999999997
71115;Journée 36;GROUPAMA STADIUM;53980.0;;OLYMPIQUE LYONNAIS;AS MONACO;3;1;62.1;37.9;50;50;47,1;52,9;12.0;13.0;0.0;3.0;2.0;8.0;613.0;352.0;9.0;25.0;23;15;11;9;0.0;3.0;0.0;0.0;2-2-2-3-1;2-2-2-3-1;19 MAI 2023- 21:00;1;38;24.200000000000003
71116;Journée 36;STADE DE LA BEAUJOIRE-LOUIS FONTENEAU;30170.0;;FC NANTES;MONTPELLIER HÉRAULT SC;0;3;43.1;56.9;46,6;53,4;42,1;57,9;14.0;6.0;2.0;2.0;10.0;6.0;368.0;513.0;31.0;9.0;13;13;3;6;4.0;0.0;0.0;0.0;3-2-2-2-1;3-2-2-2-1;20 MAI 2023- 17:00;0;26;-13.799999999999997
71117;Journée 36;ALLIANZ RIVIERA;20041.0;;OGC NICE;TOULOUSE FC;0;0;50.7;49.3;59,3;40,7;62,5;37,5;12.0;7.0;0.0;0.0;6.0;3.0;501.0;501.0;31.0;12.0;21;7;7;4;2.0;2.0;0.0;0.0;2-2-1-2-2-1;3-2-2-2-1;21 MAI 2023- 15:00;0;28;1.4000000000000057
71118;Journée 36;STADE AUGUSTE-DELAUNE;11242.0;;STADE DE REIMS;ANGERS SCO;2;2;57.0;43.0;51,8;48,2;61,5;38,5;8.0;9.0;1.0;0.0;7.0;3.0;491.0;372.0;21.0;15.0;11;7;5;3;0.0;2.0;0.0;0.0;2-2-2-3-1;3-2-3-2;21 MAI 2023- 15:00;0;18;14.0
71119;Journée 36;STADE DE L'AUBE;9834.0;;ESTAC TROYES;RC STRASBOURG ALSACE;1;1;45.1;54.9;48,3;51,7;41,7;58,3;7.0;7.0;4.0;1.0;4.0;6.0;379.0;459.0;8.0;17.0;8;16;3;5;1.0;1.0;1.0;1.0;3-2-2-2-1;2-2-2-3-1;21 MAI 2023- 15:00;0;24;-9.799999999999997
71120;Journée 37;STADE RAYMOND-KOPA;7419.0;;ANGERS SCO;ESTAC TROYES;2;1;60.3;39.7;43,6;56,4;46,9;53,1;8.0;10.0;2.0;1.0;14.0;3.0;473.0;313.0;25.0;14.0;18;5;5;3;1.0;1.0;0.0;0.0;3-2-3-2;2-2-2-3-1;27 MAI 2023- 21:00;1;23;20.599999999999994
71121;Journée 37;STADE GABRIEL-MONTPIED;13050.0;;CLERMONT FOOT 63;FC LORIENT;2;0;45.7;54.3;52,9;47,1;54,5;45,5;13.0;5.0;1.0;1.0;9.0;1.0;386.0;469.0;16.0;9.0;18;6;7;1;0.0;0.0;0.0;0.0;3-2-2-2-1;2-2-2-3-1;27 MAI 2023- 21:00;1;24;-8.599999999999994
71122;Journée 37;STADE BOLLAERT-DELELIS;37601.0;;RC LENS;AC AJACCIO;3;0;79.4;20.6;60,6;39,4;70;30;8.0;6.0;2.0;1.0;9.0;2.0;739.0;197.0;39.0;5.0;12;6;3;0;1.0;2.0;0.0;0.0;3-2-2-2-1;2-2-2-3-1;27 MAI 2023- 21:00;1;18;58.800000000000004
71123;Journée 37;DECATHLON ARENA  STADE PIERRE-MAUROY;41136.0;;LOSC LILLE;FC NANTES;2;1;65.6;34.4;50;50;63,2;36,8;4.0;8.0;1.0;0.0;5.0;3.0;572.0;298.0;18.0;12.0;9;8;2;3;2.0;4.0;0.0;0.0;2-2-2-3-1;2-2-1-2-2-1;27 MAI 2023- 21:00;1;17;31.199999999999996
71124;Journée 37;GROUPAMA STADIUM;56874.0;;OLYMPIQUE LYONNAIS;STADE DE REIMS;3;0;55.1;44.9;53,7;46,3;40,9;59,1;18.0;3.0;4.0;4.0;7.0;4.0;474.0;376.0;15.0;11.0;23;10;7;1;1.0;1.0;0.0;1.0;2-2-2-3-1;5-3-2;27 MAI 2023- 21:00;1;33;10.200000000000003
71125;Journée 37;ORANGE VÉLODROME;61732.0;;OLYMPIQUE DE MARSEILLE;STADE BRESTOIS 29;1;2;62.8;37.2;52,5;47,5;53,6;46,4;5.0;10.0;1.0;0.0;3.0;5.0;538.0;311.0;22.0;14.0;10;15;4;5;2.0;2.0;0.0;0.0;;;27 MAI 2023- 21:00;0;25;25.599999999999994
71126;Journée 37;STADE DE LA MOSSON ET DU MONDIAL 98;16340.0;;MONTPELLIER HÉRAULT SC;OGC NICE;2;3;46.9;53.1;39,1;60,9;35,7;64,3;9.0;9.0;1.0;1.0;2.0;10.0;396.0;446.0;14.0;24.0;14;23;8;15;0.0;3.0;0.0;0.0;2-2-2-3-1;2-2-1-2-2-1;27 MAI 2023- 21:00;0;37;-6.200000000000003
71127;Journée 37;ROAZHON PARK;28344.0;;STADE RENNAIS FC;AS MONACO;2;0;57.3;42.7;47,1;52,9;41,4;58,6;4.0;9.0;2.0;3.0;7.0;3.0;495.0;355.0;15.0;27.0;12;11;6;3;0.0;3.0;0.0;0.0;2-2-1-4-1;1-2-2-2-2-1;27 MAI 2023- 21:00;1;23;14.599999999999994
71128;Journée 37;STADE DE LA MEINAU;25828.0;;RC STRASBOURG ALSACE;PARIS SAINT-GERMAIN;1;1;34.0;66.0;55,3;44,7;66,7;33,3;7.0;4.0;2.0;2.0;4.0;2.0;369.0;732.0;10.0;5.0;17;7;5;2;1.0;2.0;0.0;0.0;3-5-1-1;5-3-2;27 MAI 2023- 21:00;0;24;-32.0
71129;Journée 37;STADIUM;25172.0;;TOULOUSE FC;AJ AUXERRE;1;1;60.8;39.2;52,8;47,2;81,8;18,2;3.0;5.0;4.0;1.0;6.0;3.0;488.0;314.0;20.0;10.0;10;16;3;2;1.0;3.0;0.0;0.0;2-2-2-3-1;2-2-2-3-1;27 MAI 2023- 21:00;0;26;21.599999999999994
71130;Journée 38;STADE FRANÇOIS-COTY;;;AC AJACCIO;OLYMPIQUE DE MARSEILLE;1;0;27.9;72.1;38,5;61,5;27,3;72,7;10.0;7.0;2.0;0.0;2.0;3.0;227.0;582.0;11.0;28.0;3;17;1;5;1.0;1.0;0.0;0.0;2-2-1-4-1;2-2-2-3-1;3 JUIN 2023- 21:00;1;20;-44.199999999999996
71131;Journée 38;STADE DE L'ABBÉ-DESCHAMPS;17246.0;;AJ AUXERRE;RC LENS;1;3;50.2;49.8;60,9;39,1;54,5;45,5;8.0;11.0;3.0;4.0;5.0;5.0;436.0;444.0;23.0;13.0;17;15;5;7;1.0;3.0;0.0;0.0;3-2-2-2-1;2-2-2-3-1;3 JUIN 2023- 21:00;0;32;0.4000000000000057
71132;Journée 38;STADE FRANCIS-LE BLÉ;15143.0;;STADE BRESTOIS 29;STADE RENNAIS FC;1;2;52.7;47.3;50;50;54,8;45,2;13.0;7.0;2.0;2.0;3.0;3.0;410.0;376.0;18.0;8.0;14;12;5;3;3.0;4.0;0.0;0.0;2-2-1-2-2-1;2-2-1-2-2-1;3 JUIN 2023- 21:00;0;26;5.400000000000006
71133;Journée 38;STADE YVES-ALLAINMAT;16351.0;;FC LORIENT;RC STRASBOURG ALSACE;2;1;53.0;47.0;55,4;44,6;56,3;43,8;7.0;11.0;5.0;1.0;4.0;4.0;596.0;524.0;8.0;15.0;5;15;3;7;1.0;1.0;0.0;0.0;3-2-2-2-1;2-2-2-3-1;3 JUIN 2023- 21:00;1;20;6.0
71134;Journée 38;STADE LOUIS-II;5670.0;;AS MONACO;TOULOUSE FC;1;2;57.2;42.8;55,3;44,7;57,1;42,9;6.0;11.0;4.0;1.0;4.0;7.0;569.0;429.0;23.0;12.0;19;22;7;8;1.0;2.0;0.0;0.0;2-2-2-3-1;2-2-2-3-1;3 JUIN 2023- 21:00;0;41;14.400000000000006
71135;Journée 38;STADE DE LA BEAUJOIRE-LOUIS FONTENEAU;27650.0;;FC NANTES;ANGERS SCO;1;0;33.0;67.0;50;50;40;60;7.0;0.0;2.0;3.0;8.0;1.0;245.0;525.0;18.0;9.0;11;5;7;1;1.0;0.0;0.0;0.0;2-2-2-3-1;3-2-3-2;3 JUIN 2023- 21:00;1;16;-34.0
71136;Journée 38;ALLIANZ RIVIERA;25243.0;;OGC NICE;OLYMPIQUE LYONNAIS;3;1;43.1;56.9;51,9;48,1;33,3;66,7;14.0;13.0;1.0;1.0;3.0;2.0;467.0;625.0;15.0;11.0;16;16;6;7;0.0;1.0;0.0;0.0;3-2-2-2-1;3-2-2-2-1;3 JUIN 2023- 21:00;1;32;-13.799999999999997
71137;Journée 38;PARC DES PRINCES;47926.0;;PARIS SAINT-GERMAIN;CLERMONT FOOT 63;2;3;54.1;45.9;42,7;57,3;77,8;22,2;5.0;7.0;1.0;0.0;6.0;2.0;566.0;474.0;7.0;14.0;16;12;6;5;2.0;1.0;0.0;0.0;3-2-2-1-2;2-2-2-3-1;3 JUIN 2023- 21:00;0;28;8.200000000000003
71138;Journée 38;STADE AUGUSTE-DELAUNE;15036.0;;STADE DE REIMS;MONTPELLIER HÉRAULT SC;1;3;48.0;52.0;44,3;55,7;50;50;10.0;8.0;1.0;2.0;4.0;7.0;412.0;449.0;19.0;20.0;11;16;5;8;1.0;2.0;0.0;0.0;2-2-2-3-1;3-2-2-2-1;3 JUIN 2023- 21:00;0;27;-4.0
71139;Journée 38;STADE DE L'AUBE;11006.0;;ESTAC TROYES;LOSC LILLE;1;1;33.8;66.2;54,7;45,3;52,2;47,8;9.0;6.0;4.0;4.0;2.0;8.0;302.0;592.0;9.0;29.0;8;18;3;7;0.0;4.0;0.0;0.0;3-2-2-2-1;4-1-2-2-1;3 JUIN 2023- 21:00;0;26;-32.400000000000006
70780;Journée 3;STADE RAYMOND-KOPA;8735.0;;ANGERS SCO;STADE BRESTOIS 29;1;3;50.5;49.5;51,4;48,6;50;50;9.0;12.0;4.0;4.0;3.0;6.0;506.0;488.0;9.0;21.0;7;11;5;7;2.0;0.0;1.0;0.0;2-2-2-3-1;2-2-1-2-2-1;21 AOÛT 2022- 15:00;0;18;1.0
70781;Journée 3;STADE GABRIEL-MONTPIED;11500.0;;CLERMONT FOOT 63;OGC NICE;1;0;47.7;52.3;60,8;39,2;38,5;61,5;6.0;6.0;3.0;1.0;3.0;6.0;512.0;553.0;11.0;23.0;7;13;2;4;1.0;0.0;0.0;2.0;2-2-2-3-1;3-2-2-2-1;21 AOÛT 2022- 15:00;1;20;-4.599999999999994
70782;Journée 3;DECATHLON ARENA  STADE PIERRE-MAUROY;47526.0;;LOSC LILLE;PARIS SAINT-GERMAIN;1;7;48.0;52.0;40,4;59,6;50;50;15.0;5.0;2.0;4.0;2.0;4.0;550.0;592.0;8.0;9.0;16;16;10;9;2.0;1.0;0.0;0.0;2-2-2-3-1;2-2-2-3-1;21 AOÛT 2022- 20:45;0;32;-4.0
70783;Journée 3;GROUPAMA STADIUM;44289.0;;OLYMPIQUE LYONNAIS;ESTAC TROYES;4;1;66.2;33.8;48,4;51,6;50;50;14.0;18.0;0.0;2.0;4.0;5.0;747.0;374.0;18.0;13.0;16;4;8;1;0.0;1.0;0.0;0.0;2-2-1-2-2-1;2-2-2-3-1;19 AOÛT 2022- 21:00;1;20;32.400000000000006
70784;Journée 3;ORANGE VÉLODROME;63147.0;;OLYMPIQUE DE MARSEILLE;FC NANTES;2;1;55.9;44.1;48,2;51,8;53,1;46,9;7.0;10.0;3.0;1.0;7.0;4.0;472.0;366.0;18.0;22.0;16;12;5;3;3.0;1.0;1.0;0.0;3-2-2-2-1;2-2-2-3-1;20 AOÛT 2022- 21:00;1;28;11.799999999999997
70785;Journée 3;STADE LOUIS-II;8657.0;;AS MONACO;RC LENS;1;4;45.5;54.5;54,8;45,2;57,1;42,9;9.0;13.0;1.0;3.0;3.0;5.0;416.0;508.0;13.0;8.0;12;14;5;6;2.0;0.0;1.0;0.0;2-2-2-2-2;2-2-2-3-1;20 AOÛT 2022- 17:00;0;26;-9.0
70786;Journée 3;STADE DE LA MOSSON ET DU MONDIAL 98;13137.0;;MONTPELLIER HÉRAULT SC;AJ AUXERRE;1;2;64.1;35.9;51,1;48,9;42,1;57,9;8.0;9.0;2.0;0.0;7.0;2.0;561.0;314.0;26.0;11.0;13;7;7;2;1.0;1.0;2.0;2.0;2-2-1-4-1;4-1-2-2-1;21 AOÛT 2022- 15:00;0;20;28.199999999999996
70787;Journée 3;ROAZHON PARK;27592.0;;STADE RENNAIS FC;AC AJACCIO;2;1;54.7;45.3;53,1;46,9;58,2;41,8;6.0;13.0;2.0;1.0;4.0;8.0;491.0;389.0;11.0;23.0;16;10;7;3;3.0;2.0;2.0;0.0;2-2-2-2-2;2-2-2-2-2;21 AOÛT 2022- 17:05;1;26;9.400000000000006
70788;Journée 3;STADE DE LA MEINAU;25175.0;;RC STRASBOURG ALSACE;STADE DE REIMS;1;1;63.5;36.5;62,1;37,9;70,4;29,6;11.0;14.0;1.0;5.0;5.0;4.0;531.0;304.0;18.0;13.0;12;12;3;6;1.0;4.0;0.0;0.0;3-5-2;1-2-2-3-2;21 AOÛT 2022- 13:00;0;24;27.0
70789;Journée 3;STADIUM;23862.0;;TOULOUSE FC;FC LORIENT;2;2;52.1;47.9;48,6;51,4;68,2;31,8;12.0;10.0;2.0;2.0;3.0;6.0;450.0;428.0;24.0;11.0;16;14;8;4;2.0;1.0;0.0;0.0;2-2-1-2-2-1;3-2-2-2-1;21 AOÛT 2022- 15:00;0;30;4.200000000000003
70790;Journée 4;STADE FRANÇOIS-COTY;8234.0;;AC AJACCIO;LOSC LILLE;1;3;41.6;58.4;48,1;51,9;48,6;51,4;7.0;8.0;2.0;2.0;6.0;0.0;324.0;489.0;32.0;11.0;14;7;2;4;3.0;3.0;0.0;0.0;2-2-2-2-2;3-2-2-2-1;26 AOÛT 2022- 21:00;0;21;-16.799999999999997
70791;Journée 4;STADE DE L'ABBÉ-DESCHAMPS;16059.0;;AJ AUXERRE;RC STRASBOURG ALSACE;1;0;41.6;58.4;43,9;56,1;35,1;64,9;12.0;5.0;5.0;2.0;2.0;5.0;438.0;611.0;15.0;25.0;7;14;3;4;0.0;1.0;0.0;0.0;2-2-1-4-1;5-3-2;27 AOÛT 2022- 17:00;1;21;-16.799999999999997
70792;Journée 4;STADE FRANCIS-LE BLÉ;11546.0;;STADE BRESTOIS 29;MONTPELLIER HÉRAULT SC;0;7;51.9;48.1;46,9;53,1;53,6;46,4;10.0;6.0;1.0;1.0;5.0;4.0;380.0;357.0;17.0;12.0;6;14;0;8;0.0;2.0;1.0;0.0;2-2-1-2-2-1;3-2-2-2-1;28 AOÛT 2022- 15:00;0;20;3.799999999999997
70793;Journée 4;STADE BOLLAERT-DELELIS;37848.0;;RC LENS;STADE RENNAIS FC;2;1;50.6;49.4;48,4;51,6;46,2;53,8;17.0;13.0;1.0;3.0;7.0;2.0;500.0;498.0;21.0;10.0;17;12;4;6;0.0;1.0;0.0;0.0;3-2-2-2-1;2-2-1-2-2-1;27 AOÛT 2022- 21:00;1;29;1.2000000000000028
70794;Journée 4;STADE YVES-ALLAINMAT;10591.0;;FC LORIENT;CLERMONT FOOT 63;2;1;39.4;60.6;56;44;42,1;57,9;12.0;12.0;2.0;1.0;3.0;4.0;387.0;583.0;8.0;24.0;22;9;9;2;1.0;1.0;0.0;1.0;2-2-2-3-1;3-2-2-2-1;28 AOÛT 2022- 15:00;1;31;-21.200000000000003
70795;Journée 4;STADE DE LA BEAUJOIRE-LOUIS FONTENEAU;26574.0;;FC NANTES;TOULOUSE FC;3;1;50.2;49.8;44,9;55,1;31;69;14.0;14.0;2.0;2.0;4.0;5.0;412.0;414.0;19.0;15.0;16;9;8;3;0.0;3.0;0.0;0.0;2-2-1-2-2-1;3-2-2-2-1;28 AOÛT 2022- 13:00;1;25;0.4000000000000057
70796;Journée 4;ALLIANZ RIVIERA;31418.0;;OGC NICE;OLYMPIQUE DE MARSEILLE;0;3;48.6;51.4;53;47;56,3;43,8;13.0;18.0;1.0;0.0;7.0;5.0;436.0;464.0;17.0;15.0;16;13;2;4;1.0;1.0;0.0;0.0;2-2-2-3-1;2-2-2-3-1;28 AOÛT 2022- 15:00;0;29;-2.799999999999997
70797;Journée 4;PARC DES PRINCES;47843.0;;PARIS SAINT-GERMAIN;AS MONACO;1;1;66.7;33.3;51,8;48,2;72,2;27,8;5.0;16.0;3.0;1.0;4.0;3.0;693.0;341.0;10.0;8.0;18;4;5;3;4.0;4.0;0.0;0.0;3-2-2-2-1;3-2-3-2;28 AOÛT 2022- 20:45;0;22;33.400000000000006
70798;Journée 4;STADE AUGUSTE-DELAUNE;14930.0;;STADE DE REIMS;OLYMPIQUE LYONNAIS;1;1;26.1;73.9;48,3;51,7;50;50;11.0;11.0;0.0;0.0;2.0;7.0;244.0;675.0;6.0;38.0;8;18;5;5;1.0;1.0;1.0;0.0;3-2-2-1-2;2-2-1-2-2-1;28 AOÛT 2022- 17:05;0;26;-47.800000000000004
70799;Journée 4;STADE DE L'AUBE;6673.0;;ESTAC TROYES;ANGERS SCO;3;1;49.0;51.0;53,1;46,9;65;35;11.0;6.0;3.0;1.0;8.0;3.0;514.0;541.0;22.0;10.0;25;7;11;2;2.0;1.0;0.0;1.0;3-2-2-2-1;4-1-3-2;28 AOÛT 2022- 15:00;1;32;-2.0
70800;Journée 5;STADE RAYMOND-KOPA;6631.0;;ANGERS SCO;STADE DE REIMS;2;4;58.5;41.5;54,1;45,9;58,3;41,7;14.0;15.0;3.0;4.0;4.0;3.0;469.0;333.0;14.0;9.0;10;11;3;5;1.0;4.0;0.0;1.0;3-1-4-2;1-2-2-3-2;31 AOÛT 2022- 19:00;0;21;17.0
70801;Journée 5;STADE BOLLAERT-DELELIS;37161.0;;RC LENS;FC LORIENT;5;2;57.9;42.1;51,7;48,3;63,6;36,4;11.0;11.0;1.0;2.0;4.0;6.0;519.0;372.0;18.0;14.0;15;11;8;3;1.0;3.0;0.0;0.0;3-2-2-2-1;2-2-1-2-2-1;31 AOÛT 2022- 21:00;1;26;15.799999999999997
70802;Journée 5;DECATHLON ARENA  STADE PIERRE-MAUROY;30254.0;;LOSC LILLE;OGC NICE;1;2;62.6;37.4;43,3;56,7;29,6;70,4;6.0;10.0;1.0;0.0;6.0;3.0;541.0;326.0;33.0;14.0;18;3;6;2;1.0;4.0;0.0;0.0;2-2-2-3-1;5-3-2;31 AOÛT 2022- 21:00;0;21;25.200000000000003
70803;Journée 5;GROUPAMA STADIUM;38609.0;;OLYMPIQUE LYONNAIS;AJ AUXERRE;2;1;62.0;38.0;47,5;52,5;25;75;16.0;18.0;2.0;0.0;9.0;3.0;612.0;367.0;19.0;20.0;20;6;8;2;0.0;2.0;0.0;0.0;2-2-1-2-2-1;4-1-2-2-1;31 AOÛT 2022- 19:00;1;26;24.0
70804;Journée 5;ORANGE VÉLODROME;62763.0;;OLYMPIQUE DE MARSEILLE;CLERMONT FOOT 63;1;0;60.2;39.8;53,2;46,8;56,8;43,2;13.0;17.0;1.0;0.0;7.0;1.0;547.0;359.0;19.0;11.0;21;3;7;0;2.0;2.0;0.0;0.0;3-2-2-2-1;2-2-2-3-1;31 AOÛT 2022- 21:00;1;24;20.400000000000006
70805;Journée 5;STADE LOUIS-II;3945.0;;AS MONACO;ESTAC TROYES;2;4;51.6;48.4;46,7;53,3;53,8;46,2;11.0;16.0;0.0;0.0;8.0;6.0;486.0;448.0;13.0;20.0;8;19;6;11;1.0;1.0;1.0;0.0;3-2-2-1-2;2-2-2-3-1;31 AOÛT 2022- 19:00;0;27;3.200000000000003
70806;Journée 5;STADE DE LA MOSSON ET DU MONDIAL 98;10051.0;;MONTPELLIER HÉRAULT SC;AC AJACCIO;2;0;38.0;62.0;49,5;50,5;47,7;52,3;14.0;6.0;1.0;1.0;3.0;8.0;309.0;481.0;6.0;32.0;9;15;4;0;2.0;2.0;1.0;1.0;2-2-2-3-1;2-2-2-2-2;31 AOÛT 2022- 19:00;1;24;-24.0
70807;Journée 5;ROAZHON PARK;27392.0;;STADE RENNAIS FC;STADE BRESTOIS 29;3;1;64.9;35.1;46,2;53,8;53,6;46,4;7.0;13.0;3.0;2.0;7.0;3.0;637.0;339.0;17.0;15.0;16;7;9;2;2.0;0.0;0.0;0.0;2-2-1-2-2-1;3-2-2-2-1;31 AOÛT 2022- 21:00;1;23;29.800000000000004
70808;Journée 5;STADE DE LA MEINAU;25162.0;;RC STRASBOURG ALSACE;FC NANTES;1;1;45.9;54.1;52,6;47,4;43,8;56,3;8.0;13.0;0.0;2.0;3.0;6.0;440.0;517.0;16.0;22.0;5;12;2;3;0.0;3.0;0.0;0.0;3-5-2;3-2-2-2-1;31 AOÛT 2022- 19:00;0;17;-8.200000000000003
70809;Journée 5;STADIUM;31739.0;;TOULOUSE FC;PARIS SAINT-GERMAIN;0;3;37.7;62.3;55,4;44,6;16,7;83,3;12.0;12.0;1.0;1.0;3.0;9.0;364.0;606.0;10.0;11.0;14;20;7;13;1.0;0.0;0.0;0.0;3-2-2-2-1;2-2-2-3-1;31 AOÛT 2022- 21:00;0;34;-24.599999999999994
70810;Journée 6;STADE FRANÇOIS-COTY;6857.0;;AC AJACCIO;FC LORIENT;0;1;58.2;41.8;42,9;57,1;42,9;57,1;14.0;14.0;4.0;2.0;3.0;3.0;445.0;336.0;33.0;9.0;16;7;3;4;4.0;1.0;0.0;0.0;2-2-2-2-2;2-2-1-2-2-1;4 SEPTEMBRE 2022- 15:00;0;23;16.400000000000006
70811;Journée 6;STADE DE L'ABBÉ-DESCHAMPS;17035.0;;AJ AUXERRE;OLYMPIQUE DE MARSEILLE;0;2;47.2;52.8;54,1;45,9;60;40;21.0;16.0;1.0;2.0;4.0;1.0;438.0;498.0;15.0;9.0;8;15;2;7;1.0;1.0;0.0;0.0;2-2-1-4-1;2-2-2-3-1;3 SEPTEMBRE 2022- 17:00;0;23;-5.599999999999994
70812;Journée 6;STADE FRANCIS-LE BLÉ;10240.0;;STADE BRESTOIS 29;RC STRASBOURG ALSACE;1;1;59.4;40.6;43,7;56,3;52,9;47,1;15.0;11.0;2.0;1.0;7.0;3.0;485.0;340.0;35.0;13.0;11;10;2;3;3.0;1.0;0.0;1.0;2-2-2-3-1;5-3-2;4 SEPTEMBRE 2022- 15:00;0;21;18.799999999999997
70813;Journée 6;STADE GABRIEL-MONTPIED;10875.0;;CLERMONT FOOT 63;TOULOUSE FC;2;0;33.4;66.6;46,6;53,4;25;75;15.0;6.0;1.0;2.0;4.0;6.0;250.0;509.0;21.0;30.0;12;14;3;4;4.0;1.0;0.0;0.0;3-2-2-2-1;3-2-2-2-1;4 SEPTEMBRE 2022- 15:00;1;26;-33.199999999999996
70814;Journée 6;GROUPAMA STADIUM;39586.0;;OLYMPIQUE LYONNAIS;ANGERS SCO;5;0;64.1;35.9;44,3;55,7;43,5;56,5;13.0;17.0;6.0;0.0;13.0;3.0;516.0;295.0;25.0;8.0;16;8;9;3;2.0;1.0;0.0;0.0;2-2-1-2-2-1;4-1-3-2;3 SEPTEMBRE 2022- 19:00;1;24;28.199999999999996
70815;Journée 6;STADE DE LA MOSSON ET DU MONDIAL 98;12215.0;;MONTPELLIER HÉRAULT SC;LOSC LILLE;1;3;24.1;75.9;44,9;55,1;36,4;63,6;11.0;7.0;2.0;3.0;1.0;9.0;216.0;681.0;8.0;23.0;4;26;2;8;0.0;4.0;1.0;0.0;2-2-3-2-1;3-2-2-2-1;4 SEPTEMBRE 2022- 13:00;0;30;-51.800000000000004
70816;Journée 6;STADE DE LA BEAUJOIRE-LOUIS FONTENEAU;34406.0;;FC NANTES;PARIS SAINT-GERMAIN;0;3;40.5;59.5;55,9;44,1;50;50;16.0;12.0;1.0;1.0;1.0;7.0;464.0;692.0;9.0;10.0;10;19;1;7;1.0;4.0;1.0;0.0;3-2-2-2-1;2-2-2-3-1;3 SEPTEMBRE 2022- 21:00;0;29;-19.0
70817;Journée 6;ALLIANZ RIVIERA;24125.0;;OGC NICE;AS MONACO;0;1;52.5;47.5;46,3;53,7;39,1;60,9;15.0;15.0;2.0;2.0;3.0;6.0;522.0;465.0;16.0;16.0;12;14;5;2;2.0;1.0;0.0;0.0;3-2-2-2-1;2-2-2-3-1;4 SEPTEMBRE 2022- 20:45;0;26;5.0
70818;Journée 6;STADE AUGUSTE-DELAUNE;15761.0;;STADE DE REIMS;RC LENS;1;1;36.2;63.8;48,1;51,9;63,6;36,4;22.0;7.0;1.0;1.0;4.0;4.0;317.0;586.0;17.0;15.0;17;20;4;4;2.0;2.0;0.0;1.0;3-2-2-1-2;2-2-2-3-1;4 SEPTEMBRE 2022- 15:00;0;37;-27.599999999999994
70819;Journée 6;STADE DE L'AUBE;8115.0;;ESTAC TROYES;STADE RENNAIS FC;1;1;28.8;71.2;54,5;45,5;41,2;58,8;9.0;4.0;1.0;3.0;3.0;5.0;255.0;620.0;8.0;28.0;9;19;1;6;2.0;2.0;1.0;0.0;3-2-2-2-1;2-2-1-2-2-1;4 SEPTEMBRE 2022- 17:05;0;28;-42.400000000000006
70820;Journée 7;STADE FRANÇOIS-COTY;7068.0;;AC AJACCIO;OGC NICE;0;1;43.7;56.3;49,6;50,4;44,1;55,9;5.0;8.0;3.0;1.0;2.0;3.0;380.0;502.0;19.0;9.0;9;12;3;3;1.0;5.0;0.0;0.0;2-2-2-2-2;2-2-2-2-2;11 SEPTEMBRE 2022- 15:00;0;21;-12.599999999999994
70821;Journée 7;STADE RAYMOND-KOPA;6165.0;;ANGERS SCO;MONTPELLIER HÉRAULT SC;2;1;44.8;55.2;54,8;45,2;50;50;7.0;7.0;2.0;2.0;2.0;5.0;374.0;458.0;11.0;18.0;11;7;5;2;2.0;4.0;0.0;0.0;2-2-2-3-1;3-2-2-2-1;11 SEPTEMBRE 2022- 15:00;1;18;-10.400000000000006
70822;Journée 7;STADE BOLLAERT-DELELIS;37344.0;;RC LENS;ESTAC TROYES;1;0;63.3;36.7;40,2;59,8;45,8;54,2;12.0;17.0;1.0;0.0;9.0;1.0;663.0;394.0;28.0;5.0;12;7;3;2;2.0;1.0;0.0;0.0;3-2-2-2-1;2-2-2-3-1;9 SEPTEMBRE 2022- 21:00;1;19;26.599999999999994
70823;Journée 7;STADE YVES-ALLAINMAT;15800.0;;FC LORIENT;FC NANTES;3;2;48.3;51.7;52,8;47,2;41,4;58,6;9.0;10.0;1.0;1.0;2.0;5.0;451.0;470.0;9.0;26.0;13;9;5;4;2.0;3.0;0.0;0.0;2-2-2-3-1;2-2-1-2-2-1;11 SEPTEMBRE 2022- 15:00;1;22;-3.4000000000000057
70824;Journée 7;ORANGE VÉLODROME;62985.0;;OLYMPIQUE DE MARSEILLE;LOSC LILLE;2;1;53.2;46.8;43,7;56,3;53,1;46,9;5.0;6.0;1.0;1.0;4.0;3.0;453.0;402.0;11.0;11.0;14;7;7;3;5.0;1.0;0.0;0.0;3-2-2-2-1;2-2-2-3-1;10 SEPTEMBRE 2022- 21:00;1;21;6.400000000000006
70825;Journée 7;STADE LOUIS-II;7175.0;;AS MONACO;OLYMPIQUE LYONNAIS;2;1;39.3;60.7;54,2;45,8;60,7;39,3;21.0;11.0;3.0;0.0;1.0;7.0;355.0;537.0;11.0;35.0;11;20;4;6;1.0;2.0;0.0;0.0;3-2-2-2-1;2-2-1-2-2-1;11 SEPTEMBRE 2022- 20:45;1;31;-21.400000000000006
70826;Journée 7;PARC DES PRINCES;47615.0;;PARIS SAINT-GERMAIN;STADE BRESTOIS 29;1;0;60.6;39.4;52,1;47,9;52,6;47,4;11.0;20.0;3.0;1.0;3.0;5.0;671.0;425.0;6.0;15.0;13;6;4;3;4.0;2.0;0.0;0.0;3-2-2-1-2;3-2-3-2;10 SEPTEMBRE 2022- 17:00;1;19;21.200000000000003
70827;Journée 7;ROAZHON PARK;27837.0;;STADE RENNAIS FC;AJ AUXERRE;5;0;48.2;51.8;52,9;47,1;53,6;46,4;9.0;11.0;2.0;3.0;2.0;1.0;473.0;499.0;6.0;14.0;12;7;9;3;1.0;1.0;0.0;0.0;2-2-2-2-2;4-1-2-2-1;11 SEPTEMBRE 2022- 17:05;1;19;-3.5999999999999943
70828;Journée 7;STADE DE LA MEINAU;25089.0;;RC STRASBOURG ALSACE;CLERMONT FOOT 63;0;0;43.0;57.0;55,3;44,7;40,9;59,1;12.0;13.0;1.0;3.0;3.0;5.0;357.0;475.0;13.0;17.0;12;10;4;4;2.0;2.0;1.0;0.0;2-2-3-1-2;2-2-2-3-1;11 SEPTEMBRE 2022- 13:00;0;22;-14.0
70829;Journée 7;STADIUM;21316.0;;TOULOUSE FC;STADE DE REIMS;1;0;46.9;53.1;53,6;46,4;53,8;46,2;22.0;6.0;1.0;0.0;4.0;6.0;393.0;438.0;8.0;21.0;14;11;3;1;1.0;2.0;0.0;1.0;3-2-2-2-1;1-2-2-3-2;11 SEPTEMBRE 2022- 15:00;1;25;-6.200000000000003
70830;Journée 8;STADE DE L'ABBÉ-DESCHAMPS;14866.0;;AJ AUXERRE;FC LORIENT;1;3;56.6;43.4;52,4;47,6;50;50;11.0;13.0;0.0;1.0;9.0;5.0;509.0;406.0;37.0;10.0;17;12;5;8;3.0;1.0;0.0;0.0;2-2-1-4-1;3-2-2-2-1;16 SEPTEMBRE 2022- 21:00;0;29;13.200000000000003
70831;Journée 8;STADE FRANCIS-LE BLÉ;10410.0;;STADE BRESTOIS 29;AC AJACCIO;0;1;59.1;40.9;48,7;51,3;58;42;10.0;20.0;2.0;0.0;6.0;2.0;501.0;356.0;28.0;10.0;8;6;4;4;2.0;2.0;0.0;0.0;3-2-3-2;2-2-2-2-2;18 SEPTEMBRE 2022- 15:00;0;14;18.200000000000003
70832;Journée 8;STADE GABRIEL-MONTPIED;10753.0;;CLERMONT FOOT 63;ESTAC TROYES;1;3;59.4;40.6;59,1;40,9;60;40;11.0;14.0;2.0;1.0;5.0;1.0;514.0;351.0;17.0;9.0;14;9;2;4;0.0;3.0;0.0;0.0;3-2-2-2-1;2-2-2-3-1;18 SEPTEMBRE 2022- 15:00;0;23;18.799999999999997
70833;Journée 8;DECATHLON ARENA  STADE PIERRE-MAUROY;33635.0;;LOSC LILLE;TOULOUSE FC;2;1;45.2;54.8;46,3;53,7;48,6;51,4;14.0;20.0;1.0;5.0;5.0;7.0;408.0;475.0;9.0;29.0;10;14;4;5;2.0;0.0;0.0;0.0;2-2-2-3-1;2-2-2-3-1;17 SEPTEMBRE 2022- 21:00;1;24;-9.599999999999994
70834;Journée 8;GROUPAMA STADIUM;58230.0;;OLYMPIQUE LYONNAIS;PARIS SAINT-GERMAIN;0;1;34.4;65.6;42,3;57,7;33,3;66,7;18.0;7.0;3.0;3.0;3.0;7.0;410.0;797.0;14.0;10.0;12;15;3;8;0.0;2.0;0.0;0.0;2-2-2-2-2;2-2-2-3-1;18 SEPTEMBRE 2022- 20:45;0;27;-31.199999999999996
70835;Journée 8;ORANGE VÉLODROME;62753.0;;OLYMPIQUE DE MARSEILLE;STADE RENNAIS FC;1;1;58.9;41.1;48,6;51,4;51,7;48,3;10.0;18.0;2.0;1.0;11.0;7.0;509.0;363.0;31.0;13.0;15;11;4;4;3.0;4.0;0.0;0.0;3-2-2-2-1;3-2-2-2-1;18 SEPTEMBRE 2022- 15:00;0;26;17.799999999999997
70836;Journée 8;STADE DE LA MOSSON ET DU MONDIAL 98;10780.0;;MONTPELLIER HÉRAULT SC;RC STRASBOURG ALSACE;2;1;49.9;50.1;51,8;48,2;48,7;51,3;9.0;8.0;3.0;2.0;8.0;6.0;354.0;351.0;22.0;21.0;10;8;4;2;4.0;4.0;0.0;0.0;2-2-2-3-1;5-3-2;17 SEPTEMBRE 2022- 17:00;1;18;-0.20000000000000284
70837;Journée 8;STADE DE LA BEAUJOIRE-LOUIS FONTENEAU;28854.0;;FC NANTES;RC LENS;0;0;41.8;58.2;48,9;51,1;60;40;8.0;11.0;1.0;1.0;3.0;7.0;416.0;584.0;20.0;28.0;12;8;4;2;1.0;1.0;0.0;0.0;3-2-2-2-1;2-2-2-3-1;18 SEPTEMBRE 2022- 17:05;0;20;-16.400000000000006
70838;Journée 8;ALLIANZ RIVIERA;18545.0;;OGC NICE;ANGERS SCO;0;1;50.0;50.0;58,9;41,1;52,4;47,6;9.0;11.0;1.0;1.0;5.0;4.0;420.0;417.0;15.0;15.0;18;16;5;3;0.0;3.0;1.0;0.0;2-2-2-2-2;3-2-2-2-1;18 SEPTEMBRE 2022- 15:00;0;34;0.0
70839;Journée 8;STADE AUGUSTE-DELAUNE;12600.0;;STADE DE REIMS;AS MONACO;0;3;32.3;67.7;53,8;46,2;35,3;64,7;11.0;14.0;3.0;2.0;5.0;4.0;256.0;550.0;15.0;23.0;9;20;2;11;3.0;3.0;0.0;0.0;3-2-2-1-2;2-2-2-2-2;18 SEPTEMBRE 2022- 13:00;0;29;-35.400000000000006
70840;Journée 9;STADE FRANÇOIS-COTY;6610.0;;AC AJACCIO;CLERMONT FOOT 63;1;3;51.9;48.1;44,9;55,1;50;50;9.0;12.0;0.0;1.0;4.0;4.0;439.0;412.0;26.0;13.0;12;7;3;3;3.0;3.0;0.0;0.0;2-2-2-2-2;1-2-2-3-2;2 OCTOBRE 2022- 15:00;0;19;3.799999999999997
70841;Journée 9;STADE RAYMOND-KOPA;15787.0;;ANGERS SCO;OLYMPIQUE DE MARSEILLE;0;3;43.4;56.6;52,3;47,7;52,9;47,1;12.0;13.0;1.0;0.0;6.0;3.0;368.0;483.0;12.0;15.0;16;15;5;7;0.0;0.0;0.0;0.0;2-2-2-2-2;2-2-2-3-1;30 SEPTEMBRE 2022- 21:00;0;31;-13.200000000000003
70842;Journée 9;STADE DE L'ABBÉ-DESCHAMPS;14630.0;;AJ AUXERRE;STADE BRESTOIS 29;1;1;48.7;51.3;54,5;45,5;45,2;54,8;15.0;11.0;0.0;2.0;0.0;6.0;438.0;453.0;14.0;23.0;11;9;3;2;1.0;4.0;1.0;0.0;2-2-1-4-1;3-2-2-2-1;2 OCTOBRE 2022- 15:00;0;20;-2.5999999999999943
70843;Journée 9;STADE BOLLAERT-DELELIS;36674.0;;RC LENS;OLYMPIQUE LYONNAIS;1;0;52.4;47.6;49,6;50,4;63;37;21.0;17.0;1.0;0.0;6.0;2.0;503.0;470.0;24.0;7.0;21;4;6;0;2.0;2.0;0.0;0.0;3-2-2-2-1;3-2-2-2-1;2 OCTOBRE 2022- 20:45;1;25;4.799999999999997
70844;Journée 9;STADE YVES-ALLAINMAT;14916.0;;FC LORIENT;LOSC LILLE;2;1;37.4;62.6;53,4;46,6;46,4;53,6;7.0;7.0;0.0;1.0;0.0;14.0;326.0;516.0;5.0;40.0;7;20;4;4;1.0;3.0;1.0;0.0;2-2-2-3-1;3-2-2-2-1;2 OCTOBRE 2022- 13:00;1;27;-25.200000000000003
70845;Journée 9;STADE LOUIS-II;5202.0;;AS MONACO;FC NANTES;4;1;48.0;52.0;54,1;45,9;40;60;12.0;12.0;4.0;0.0;7.0;7.0;476.0;514.0;14.0;20.0;10;7;6;2;0.0;1.0;0.0;0.0;2-2-2-2-2;2-2-2-3-1;2 OCTOBRE 2022- 17:05;1;17;-4.0
70846;Journée 9;PARC DES PRINCES;47926.0;;PARIS SAINT-GERMAIN;OGC NICE;2;1;57.3;42.7;43,9;56,1;50;50;5.0;11.0;3.0;2.0;4.0;0.0;663.0;485.0;8.0;12.0;12;4;4;1;1.0;1.0;0.0;0.0;3-2-2-2-1;2-2-2-3-1;1 OCTOBRE 2022- 21:00;1;16;14.599999999999994
70847;Journée 9;STADE DE LA MEINAU;25226.0;;RC STRASBOURG ALSACE;STADE RENNAIS FC;1;3;38.9;61.1;55,3;44,7;62,5;37,5;16.0;9.0;3.0;2.0;1.0;6.0;384.0;603.0;11.0;19.0;9;17;3;7;0.0;2.0;1.0;0.0;3-5-2;2-2-2-2-2;1 OCTOBRE 2022- 17:00;0;26;-22.200000000000003
70848;Journée 9;STADIUM;21761.0;;TOULOUSE FC;MONTPELLIER HÉRAULT SC;4;2;43.2;56.8;45,7;54,3;72;28;12.0;6.0;1.0;3.0;3.0;12.0;342.0;432.0;9.0;34.0;12;23;6;6;3.0;4.0;1.0;0.0;2-2-1-2-2-1;3-2-2-2-1;2 OCTOBRE 2022- 15:00;1;35;-13.599999999999994
70849;Journée 9;STADE DE L'AUBE;10164.0;;ESTAC TROYES;STADE DE REIMS;2;2;67.3;32.7;46,7;53,3;59,1;40,9;9.0;9.0;3.0;0.0;10.0;2.0;556.0;276.0;46.0;8.0;19;5;6;2;4.0;2.0;0.0;1.0;3-2-3-2;1-2-2-3-2;2 OCTOBRE 2022- 15:00;0;24;34.599999999999994
